insert into usuarios (IDUSUARIO, NOMBRE, DIRECCION, TELEFONO, FECHANACIMIENTO, GENERO, PAIS, EMAIL, CLAVEACCESO, PROFESION, FECHAINCLUSION) values (5975171151,'Reyes','777 Brockton Avenue',9310638,to_date('08/07/1950','dd/mm/yyyy'),'masc','Mexico','reyes@gmail.com','53980','Supervisor',to_date('01/01/2020', 'dd/mm/yyyy'));
insert into usuarios (IDUSUARIO, NOMBRE, DIRECCION, TELEFONO, FECHANACIMIENTO, GENERO, PAIS, EMAIL, CLAVEACCESO, PROFESION, FECHAINCLUSION) values (4954530805,'Carol','30 Memorial Drive',88230900,to_date('22/05/1951','dd/mm/yyyy'),'fem','Costa Rica','carol@gmail.com','35230','Asociado',to_date('05/01/2020', 'dd/mm/yyyy'));
insert into usuarios (IDUSUARIO, NOMBRE, DIRECCION, TELEFONO, FECHANACIMIENTO, GENERO, PAIS, EMAIL, CLAVEACCESO, PROFESION, FECHAINCLUSION) values (7221572081,'Edmund','250 Hartford Avenue',17536500,to_date('14/05/1953','dd/mm/yyyy'),'masc','Inglaterra','edmund@gmail.com','12724','Ejecutivo',to_date('06/01/2020', 'dd/mm/yyyy'));
insert into usuarios (IDUSUARIO, NOMBRE, DIRECCION, TELEFONO, FECHANACIMIENTO, GENERO, PAIS, EMAIL, CLAVEACCESO, PROFESION, FECHAINCLUSION) values (4324908921,'Clement','700 Oak Street',33600966,to_date('12/10/1962','dd/mm/yyyy'),'masc','Inglaterra','clement@gmail.com','50883','Analista',to_date('11/01/2020', 'dd/mm/yyyy'));
insert into usuarios (IDUSUARIO, NOMBRE, DIRECCION, TELEFONO, FECHANACIMIENTO, GENERO, PAIS, EMAIL, CLAVEACCESO, PROFESION, FECHAINCLUSION) values (3133075206,'Josefina','66-4 Parkhurst Rd',69959473,to_date('26/11/1964','dd/mm/yyyy'),'fem','Argentina','josefina@gmail.com','56713','Cineasta',to_date('22/01/2020', 'dd/mm/yyyy'));
insert into usuarios (IDUSUARIO, NOMBRE, DIRECCION, TELEFONO, FECHANACIMIENTO, GENERO, PAIS, EMAIL, CLAVEACCESO, PROFESION, FECHAINCLUSION) values (2047940791,'Ola','591 Memorial Dr',11625783,to_date('25/04/1970','dd/mm/yyyy'),'fem','Inglaterra','ola@gmail.com','15108','Manager',to_date('26/01/2020', 'dd/mm/yyyy'));
insert into usuarios (IDUSUARIO, NOMBRE, DIRECCION, TELEFONO, FECHANACIMIENTO, GENERO, PAIS, EMAIL, CLAVEACCESO, PROFESION, FECHAINCLUSION) values (1404763985,'Fay','55 Brooksby Village Way',89799635,to_date('08/07/1971','dd/mm/yyyy'),'fem','Estados Unidos','fay@gmail.com','44088','Ingeniero',to_date('30/01/2020', 'dd/mm/yyyy'));
insert into usuarios (IDUSUARIO, NOMBRE, DIRECCION, TELEFONO, FECHANACIMIENTO, GENERO, PAIS, EMAIL, CLAVEACCESO, PROFESION, FECHAINCLUSION) values (3866025959,'Shawna','137 Teaticket Hwy',97010828,to_date('08/06/1972','dd/mm/yyyy'),'fem','Australia','shawna@gmail.com','84795','Especialista',to_date('06/02/2020', 'dd/mm/yyyy'));
insert into usuarios (IDUSUARIO, NOMBRE, DIRECCION, TELEFONO, FECHANACIMIENTO, GENERO, PAIS, EMAIL, CLAVEACCESO, PROFESION, FECHAINCLUSION) values (3088181072,'Hans','42 Fairhaven Commons Way',95397769,to_date('19/06/1974','dd/mm/yyyy'),'masc','Inglaterra','hans@gmail.com','60051','Director',to_date('20/02/2020', 'dd/mm/yyyy'));
insert into usuarios (IDUSUARIO, NOMBRE, DIRECCION, TELEFONO, FECHANACIMIENTO, GENERO, PAIS, EMAIL, CLAVEACCESO, PROFESION, FECHAINCLUSION) values (3453691137,'Herminia','374 William S Canning Blvd',95829258,to_date('28/06/1977','dd/mm/yyyy'),'fem','Argentina','herminia@gmail.com','18450','Coordinador',to_date('21/02/2020', 'dd/mm/yyyy'));
insert into usuarios (IDUSUARIO, NOMBRE, DIRECCION, TELEFONO, FECHANACIMIENTO, GENERO, PAIS, EMAIL, CLAVEACCESO, PROFESION, FECHAINCLUSION) values (6337443123,'Jessica','121 Worcester Rd',30379478,to_date('23/02/1979','dd/mm/yyyy'),'fem','Estados Unidos','jessica@gmail.com','54786','Administrador',to_date('28/02/2020', 'dd/mm/yyyy'));
insert into usuarios (IDUSUARIO, NOMBRE, DIRECCION, TELEFONO, FECHANACIMIENTO, GENERO, PAIS, EMAIL, CLAVEACCESO, PROFESION, FECHAINCLUSION) values (1199142441,'Emilia','677 Timpany Blvd',24574369,to_date('03/02/1981','dd/mm/yyyy'),'fem','Costa Rica','emilia@gmail.com','52396','Arquitecto',to_date('29/02/2020', 'dd/mm/yyyy'));
insert into usuarios (IDUSUARIO, NOMBRE, DIRECCION, TELEFONO, FECHANACIMIENTO, GENERO, PAIS, EMAIL, CLAVEACCESO, PROFESION, FECHAINCLUSION) values (7389797797,'Essie','337 Russell St',34246080,to_date('05/05/1985','dd/mm/yyyy'),'fem','Estados Unidos','essie@gmail.com','28036','Analista',to_date('04/03/2020', 'dd/mm/yyyy'));
insert into usuarios (IDUSUARIO, NOMBRE, DIRECCION, TELEFONO, FECHANACIMIENTO, GENERO, PAIS, EMAIL, CLAVEACCESO, PROFESION, FECHAINCLUSION) values (5950815416,'Max','295 Plymouth Street',30398671,to_date('04/06/1986','dd/mm/yyyy'),'masc','Estados Unidos','max@gmail.com','20767','Disenador',to_date('09/03/2020', 'dd/mm/yyyy'));
insert into usuarios (IDUSUARIO, NOMBRE, DIRECCION, TELEFONO, FECHANACIMIENTO, GENERO, PAIS, EMAIL, CLAVEACCESO, PROFESION, FECHAINCLUSION) values (1141651857,'Shayne','1775 Washington St',32110259,to_date('22/05/1991','dd/mm/yyyy'),'fem','Jamaica','shayne@gmail.com','17103','Planeador',to_date('12/03/2020', 'dd/mm/yyyy'));
insert into usuarios (IDUSUARIO, NOMBRE, DIRECCION, TELEFONO, FECHANACIMIENTO, GENERO, PAIS, EMAIL, CLAVEACCESO, PROFESION, FECHAINCLUSION) values (6446055800,'Christine','280 Washington Street',47236584,to_date('22/04/1994','dd/mm/yyyy'),'fem','Estados Unidos','christine@gmail.com','68257','Administrador',to_date('13/03/2020', 'dd/mm/yyyy'));
insert into usuarios (IDUSUARIO, NOMBRE, DIRECCION, TELEFONO, FECHANACIMIENTO, GENERO, PAIS, EMAIL, CLAVEACCESO, PROFESION, FECHAINCLUSION) values (3834807351,'Jacinto','20 Soojian Dr',10319169,to_date('13/11/1996','dd/mm/yyyy'),'masc','Mexico','jacinto@gmail.com','46748','Arquitecto',to_date('15/03/2020', 'dd/mm/yyyy'));
insert into usuarios (IDUSUARIO, NOMBRE, DIRECCION, TELEFONO, FECHANACIMIENTO, GENERO, PAIS, EMAIL, CLAVEACCESO, PROFESION, FECHAINCLUSION) values (2137075722,'Dewayne','11 Jungle Road',44983726,to_date('27/04/1998','dd/mm/yyyy'),'masc','Jamaica','dewayne@gmail.com','57849','Planeador',to_date('17/03/2020', 'dd/mm/yyyy'));
insert into usuarios (IDUSUARIO, NOMBRE, DIRECCION, TELEFONO, FECHANACIMIENTO, GENERO, PAIS, EMAIL, CLAVEACCESO, PROFESION, FECHAINCLUSION) values (1806567710,'Nita','301 Massachusetts Ave',68321446,to_date('24/12/1998','dd/mm/yyyy'),'fem','Jamaica','nita@gmail.com','79476','Ingeniero',to_date('18/03/2020', 'dd/mm/yyyy'));
insert into usuarios (IDUSUARIO, NOMBRE, DIRECCION, TELEFONO, FECHANACIMIENTO, GENERO, PAIS, EMAIL, CLAVEACCESO, PROFESION, FECHAINCLUSION) values (5333636734,'Sharlene','780 Lynnway',34317025,to_date('16/07/2000','dd/mm/yyyy'),'fem','Jamaica','sharlene@gmail.com','74251','Especialista',to_date('24/03/2020', 'dd/mm/yyyy'));

insert into directores (IDDIRECTOR, NOMBRE, EDAD, GENERO, PAIS, ESTILO) values (6027354051,'Beatriz',30, 'fem', 'Mexico', 'Suspenso');
insert into directores (IDDIRECTOR, NOMBRE, EDAD, GENERO, PAIS, ESTILO) values (3263370241,'Ernesto',52, 'masc', 'Costa Rica', 'Rock and Roll');
insert into directores (IDDIRECTOR, NOMBRE, EDAD, GENERO, PAIS, ESTILO) values (4378186360,'Roberta',30, 'fem', 'Mexico', 'Accion');
insert into directores (IDDIRECTOR, NOMBRE, EDAD, GENERO, PAIS, ESTILO) values (2709132563,'Juan',27, 'masc', 'Colombia', 'Pop');
insert into directores (IDDIRECTOR, NOMBRE, EDAD, GENERO, PAIS, ESTILO) values (1042251117,'Lina',47, 'fem', 'Argentina', 'Country');
insert into directores (IDDIRECTOR, NOMBRE, EDAD, GENERO, PAIS, ESTILO) values (6721189489,'Hai',45, 'fem', 'Philipinas', 'Terror');
insert into directores (IDDIRECTOR, NOMBRE, EDAD, GENERO, PAIS, ESTILO) values (8825039029,'Carmine',59, 'fem', 'Estados Unidos', 'Comedias');
insert into directores (IDDIRECTOR, NOMBRE, EDAD, GENERO, PAIS, ESTILO) values (2632378586,'Irving',64, 'masc', 'Inglaterra', 'Dramas');
insert into directores (IDDIRECTOR, NOMBRE, EDAD, GENERO, PAIS, ESTILO) values (9416635989,'Armand',52, 'masc', 'Inglaterra', 'RnB');
insert into directores (IDDIRECTOR, NOMBRE, EDAD, GENERO, PAIS, ESTILO) values (8148410254,'Jamie',24, 'fem', 'Estados Unidos', 'Hip Hop');

insert into productores (IDPRODUCTOR, NOMBRE, GENERO, PAIS, EDAD, ESTILO) values (7896541234,'Jeancarlo','masc', 'Costa Rica', '35', 'Accion');								
insert into productores (IDPRODUCTOR, NOMBRE, GENERO, PAIS, EDAD, ESTILO) values (9874563212,'Javier','masc', 'Mexico', '45', 'Comedias');								
insert into productores (IDPRODUCTOR, NOMBRE, GENERO, PAIS, EDAD, ESTILO) values (3214569873,'Josue','masc', 'Mexico', '31', 'Ciencia Ficcion');								
insert into productores (IDPRODUCTOR, NOMBRE, GENERO, PAIS, EDAD, ESTILO) values (1236547829,'Patricia','fem', 'Colombia', '56', 'Dramas');								
insert into productores (IDPRODUCTOR, NOMBRE, GENERO, PAIS, EDAD, ESTILO) values (1234567849,'Miriam','fem', 'Argentina', '33', 'Suspenso');								
insert into productores (IDPRODUCTOR, NOMBRE, GENERO, PAIS, EDAD, ESTILO) values (9876543241,'Gabriela','fem', 'Philipinas', '26', 'Comedias');								
insert into productores (IDPRODUCTOR, NOMBRE, GENERO, PAIS, EDAD, ESTILO) values (9638527451,'Alejandro','masc', 'Estados Unidos', '46', 'Suspenso');								
insert into productores (IDPRODUCTOR, NOMBRE, GENERO, PAIS, EDAD, ESTILO) values (7418529663,'Carlos','masc', 'Inglaterra', '27', 'Accion');								
insert into productores (IDPRODUCTOR, NOMBRE, GENERO, PAIS, EDAD, ESTILO) values (1472583619,'Sofia','fem', 'Inglaterra', '36', 'Ciencia Ficcion');								
insert into productores (IDPRODUCTOR, NOMBRE, GENERO, PAIS, EDAD, ESTILO) values (3692581437,'Axel','masc', 'Estados Unidos', '50', 'Suspenso');			

insert into series (IDSERIE, TITULO, ANNO, PAIS, ESTUDIO, GENERO, CLASIFICACION, CATEGORIA, DURACION, TEMPORADAS, IDDIRECTOR) values (3692581478,'El mentalista',1998, 'Costa Rica', 'Columbia Pictures', 'Accion', 'PG', 'Final de temporada', '150 min', '3', 3263370241);														
insert into series (IDSERIE, TITULO, ANNO, PAIS, ESTUDIO, GENERO, CLASIFICACION, CATEGORIA, DURACION, TEMPORADAS, IDDIRECTOR) values (1472583694,'Juego de tronos',2012, 'Mexico', '20th Century-Fox', 'Comedias', 'Y7', 'Serie grande', '217 min', '7', 1042251117);														
insert into series (IDSERIE, TITULO, ANNO, PAIS, ESTUDIO, GENERO, CLASIFICACION, CATEGORIA, DURACION, TEMPORADAS, IDDIRECTOR) values (3214569872,'Vikingos',2000, 'Mexico', 'Warner Bros', 'Ciencia Ficcion', 'FV', 'Serie grande', '240 min', '5', 6721189489);														
insert into series (IDSERIE, TITULO, ANNO, PAIS, ESTUDIO, GENERO, CLASIFICACION, CATEGORIA, DURACION, TEMPORADAS, IDDIRECTOR) values (9638527411,'La casa de papel',1980, 'Colombia', 'Paramount Pictures', 'Dramas', 'FV', 'Mini serie', '310 min', '4', 8148410254);														
insert into series (IDSERIE, TITULO, ANNO, PAIS, ESTUDIO, GENERO, CLASIFICACION, CATEGORIA, DURACION, TEMPORADAS, IDDIRECTOR) values (9325383026,'Stranger Things',2015, 'Argentina', 'Universal Pictures', 'Suspenso', 'Y7', 'Serie grande', '310 min', '5', 2709132563);														

insert into musicos (IDMUSICO, NOMBRE, GENERO, PAIS, EDAD, ESTILO) values (2743478533,'Lil Supa','masc', 'Venezuela', '35', 'Fiesta');
insert into musicos (IDMUSICO, NOMBRE, GENERO, PAIS, EDAD, ESTILO) values (4775820074,'Akapellah','masc', 'Venezuela', '28', 'Fiesta');
insert into musicos (IDMUSICO, NOMBRE, GENERO, PAIS, EDAD, ESTILO) values (8587502272,'Rels B','masc', 'España', '26', 'Fiesta');
insert into musicos (IDMUSICO, NOMBRE, GENERO, PAIS, EDAD, ESTILO) values (6085908614,'Duki','masc', 'Argentina', '23', 'Fiesta');
insert into musicos (IDMUSICO, NOMBRE, GENERO, PAIS, EDAD, ESTILO) values (7065352120,'Bad Bunny','masc', 'Puerto Rico', '26', 'Para bailar');
insert into musicos (IDMUSICO, NOMBRE, GENERO, PAIS, EDAD, ESTILO) values (7189926544,'J Balvin','masc', 'Colombia', '34', 'Para bailar');
insert into musicos (IDMUSICO, NOMBRE, GENERO, PAIS, EDAD, ESTILO) values (2509855035,'Dua Lipa','fem', 'Inglaterra', '24', 'Club');
insert into musicos (IDMUSICO, NOMBRE, GENERO, PAIS, EDAD, ESTILO) values (7532573903,'The weeknd','masc', 'Estados Unidos', '30', 'Triste');
insert into musicos (IDMUSICO, NOMBRE, GENERO, PAIS, EDAD, ESTILO) values (9395914437,'Camilo','masc', 'Colombia', '26', 'Romantica');
insert into musicos (IDMUSICO, NOMBRE, GENERO, PAIS, EDAD, ESTILO) values (1675781761,'Residente','masc', 'Puerto Rico', '42', 'Social');
insert into musicos (IDMUSICO, NOMBRE, GENERO, PAIS, EDAD, ESTILO) values (4524019459,'Justin Bieber','masc', 'Canada', '26', 'Club');
insert into musicos (IDMUSICO, NOMBRE, GENERO, PAIS, EDAD, ESTILO) values (4429779449,'Post Malone','masc', 'Estados Unidos', '24', 'Fiesta');
insert into musicos (IDMUSICO, NOMBRE, GENERO, PAIS, EDAD, ESTILO) values (1111935442,'Harry Styles','masc', 'Estados Unidos', '26', 'Club');
insert into musicos (IDMUSICO, NOMBRE, GENERO, PAIS, EDAD, ESTILO) values (1104545938,'Freddie Mercury','masc', 'Inglaterra', '45', 'Social');
insert into musicos (IDMUSICO, NOMBRE, GENERO, PAIS, EDAD, ESTILO) values (4616028047,'Shakira','fem', 'Colombia', '43', 'Club');
insert into musicos (IDMUSICO, NOMBRE, GENERO, PAIS, EDAD, ESTILO) values (5673245542,'Beyonce','fem', 'Estados Unidos', '38', 'Club');
insert into musicos (IDMUSICO, NOMBRE, GENERO, PAIS, EDAD, ESTILO) values (8226522768,'Lil peep','masc', 'Estados Unidos', '21', 'Triste');
insert into musicos (IDMUSICO, NOMBRE, GENERO, PAIS, EDAD, ESTILO) values (7350885399,'Toledo','masc', 'Costa Rica', '39', 'Fiesta');
insert into musicos (IDMUSICO, NOMBRE, GENERO, PAIS, EDAD, ESTILO) values (2143884545,'Jose Jose','masc', 'Mexico', '71', 'Romantica');
insert into musicos (IDMUSICO, NOMBRE, GENERO, PAIS, EDAD, ESTILO) values (3068179376,'El Piezas','masc', 'España', '34', 'Triste');

insert into canciones (IDCANCION, TIPO, NOMBRE, DURACION, LETRA, ENLACE, GENERO, IDPRODUCTOR, IDMUSICO, ANNO) values (1211853736,'LUZ','Fiesta', '4:44', 'www.musica.com/LUZ/letra', 'www.musica.com/LUZ', 'Rap', 1236547829, 5673245542, 2012);				
insert into canciones (IDCANCION, TIPO, NOMBRE, DURACION, LETRA, ENLACE, GENERO, IDPRODUCTOR, IDMUSICO, ANNO) values (2586883260,'Fiesta','Gracias', '3:04', 'www.musica.com/Gracias/letra', 'www.musica.com/Gracias', 'Rap', 9874563212, 2143884545, 2002);				
insert into canciones (IDCANCION, TIPO, NOMBRE, DURACION, LETRA, ENLACE, GENERO, IDPRODUCTOR, IDMUSICO, ANNO) values (9348611233,'Fiesta','Orgullo', '3:29', 'www.musica.com/Orgullo/letra', 'www.musica.com/Orgullo', 'Trap', 3214569873, 5673245542, 2013);				
insert into canciones (IDCANCION, TIPO, NOMBRE, DURACION, LETRA, ENLACE, GENERO, IDPRODUCTOR, IDMUSICO, ANNO) values (4295360183,'Fiesta','Goteo', '2:44', 'www.musica.com/Goteo/letra', 'www.musica.com/Goteo', 'Trap', 3692581437, 5673245542, 2012);				
insert into canciones (IDCANCION, TIPO, NOMBRE, DURACION, LETRA, ENLACE, GENERO, IDPRODUCTOR, IDMUSICO, ANNO) values (5254531063,'Para bailar','Safaera', '4:55', 'www.musica.com/Safaera/letra', 'www.musica.com/Safaera', 'Reggaeton', 1234567849, 4429779449, 1999);				
insert into canciones (IDCANCION, TIPO, NOMBRE, DURACION, LETRA, ENLACE, GENERO, IDPRODUCTOR, IDMUSICO, ANNO) values (5632987457,'Para bailar','Ritmo', '3:41', 'www.musica.com/Ritmo/letra', 'www.musica.com/Ritmo', 'Reggaeton', 3692581437, 2743478533, 1996);				
insert into canciones (IDCANCION, TIPO, NOMBRE, DURACION, LETRA, ENLACE, GENERO, IDPRODUCTOR, IDMUSICO, ANNO) values (8759878333,'Club','Physical', '3:13', 'www.musica.com/Physical/letra', 'www.musica.com/Physical', 'Pop', 3214569873, 2143884545, 2002);				
insert into canciones (IDCANCION, TIPO, NOMBRE, DURACION, LETRA, ENLACE, GENERO, IDPRODUCTOR, IDMUSICO, ANNO) values (8061114247,'Triste','Starboy', '3:50', 'www.musica.com/Starboy/letra', 'www.musica.com/Starboy', 'R'||'&'||'B', 1236547829, 8226522768, 2001);				
insert into canciones (IDCANCION, TIPO, NOMBRE, DURACION, LETRA, ENLACE, GENERO, IDPRODUCTOR, IDMUSICO, ANNO) values (8374768485,'Romantica','Tutu', '2:58', 'www.musica.com/Tutu/letra', 'www.musica.com/Tutu', 'Pop latino', 1236547829, 2143884545, 2012);				
insert into canciones (IDCANCION, TIPO, NOMBRE, DURACION, LETRA, ENLACE, GENERO, IDPRODUCTOR, IDMUSICO, ANNO) values (4617789552,'Social','Rene', '8:02', 'www.musica.com/Rene/letra', 'www.musica.com/Rene', 'Experimental', 3214569873, 5673245542, 2015);				
insert into canciones (IDCANCION, TIPO, NOMBRE, DURACION, LETRA, ENLACE, GENERO, IDPRODUCTOR, IDMUSICO, ANNO) values (4439563617,'Club','Yummy', '3:28', 'www.musica.com/Yummy/letra', 'www.musica.com/Yummy', 'Pop', 1234567849, 3068179376, 2016);				
insert into canciones (IDCANCION, TIPO, NOMBRE, DURACION, LETRA, ENLACE, GENERO, IDPRODUCTOR, IDMUSICO, ANNO) values (6398391868,'Fiesta','Circles', '3:35', 'www.musica.com/Circles/letra', 'www.musica.com/Circles', 'Rap', 1234567849, 5673245542, 2017);				
insert into canciones (IDCANCION, TIPO, NOMBRE, DURACION, LETRA, ENLACE, GENERO, IDPRODUCTOR, IDMUSICO, ANNO) values (5198004729,'Club','Falling', '4:00', 'www.musica.com/Falling/letra', 'www.musica.com/Falling', 'Pop', 3692581437, 3068179376, 1989);				
insert into canciones (IDCANCION, TIPO, NOMBRE, DURACION, LETRA, ENLACE, GENERO, IDPRODUCTOR, IDMUSICO, ANNO) values (7489980973,'Social','Barcelona', '4:26', 'www.musica.com/Barcelona/letra', 'www.musica.com/Barcelona', 'Experimental', 9874563212, 3068179376, 2001);				
insert into canciones (IDCANCION, TIPO, NOMBRE, DURACION, LETRA, ENLACE, GENERO, IDPRODUCTOR, IDMUSICO, ANNO) values (4293323719,'Club','Clandestino', '3:51', 'www.musica.com/Clandestino/letra', 'www.musica.com/Clandestino', 'Pop', 1234567849, 5673245542, 1999);				
insert into canciones (IDCANCION, TIPO, NOMBRE, DURACION, LETRA, ENLACE, GENERO, IDPRODUCTOR, IDMUSICO, ANNO) values (5527920289,'Club','Halo', '4:21', 'www.musica.com/Halo/letra', 'www.musica.com/Halo', 'Pop', 1236547829, 5673245542, 2014);				
insert into canciones (IDCANCION, TIPO, NOMBRE, DURACION, LETRA, ENLACE, GENERO, IDPRODUCTOR, IDMUSICO, ANNO) values (8733297155,'Triste','Spotlight', '2:57', 'www.musica.com/Spotlight/letra', 'www.musica.com/Spotlight', 'Rap', 1236547829, 4524019459, 2013);				
insert into canciones (IDCANCION, TIPO, NOMBRE, DURACION, LETRA, ENLACE, GENERO, IDPRODUCTOR, IDMUSICO, ANNO) values (4514897810,'Fiesta','Caribe', '2:56', 'www.musica.com/Caribe/letra', 'www.musica.com/Caribe', 'Reggaeton', 3214569873, 5673245542, 2003);				
insert into canciones (IDCANCION, TIPO, NOMBRE, DURACION, LETRA, ENLACE, GENERO, IDPRODUCTOR, IDMUSICO, ANNO) values (6342918088,'Romantica','Preso', '4:12', 'www.musica.com/Preso/letra', 'www.musica.com/Preso', 'Balada', 1234567849, 1104545938, 2004);				
insert into canciones (IDCANCION, TIPO, NOMBRE, DURACION, LETRA, ENLACE, GENERO, IDPRODUCTOR, IDMUSICO, ANNO) values (9238360765,'Triste','Retales', '4:07', 'www.musica.com/Retales/letra', 'www.musica.com/Retales', 'Rap', 3692581437, 4524019459, 2012);

insert into PELICULAS (IDPELICULA, TITULO, ANNO, PAIS, ESTUDIO, GENERO, CLASIFICACION, DURACION, CATEGORIA, IDDIRECTOR) values (3692582683,'Rapidos y furiosos',2001, 'Costa Rica', 'Columbia Pictures', 'Accion', 'PG', '150 min', 'Con saga', 6027354051);
insert into PELICULAS (IDPELICULA, TITULO, ANNO, PAIS, ESTUDIO, GENERO, CLASIFICACION, DURACION, CATEGORIA, IDDIRECTOR) values (1472582467,'Harry Potter',2002, 'Mexico', '20th Century-Fox', 'Comedias', 'Y7', '217 min', 'Sin saga', 3263370241);
insert into PELICULAS (IDPELICULA, TITULO, ANNO, PAIS, ESTUDIO, GENERO, CLASIFICACION, DURACION, CATEGORIA, IDDIRECTOR) values (3214561055,'Uncle Drew',2000, 'Mexico', 'Warner Bros', 'Ciencia Ficcion', 'FV', '240 min', 'Sin saga', 4378186360);
insert into PELICULAS (IDPELICULA, TITULO, ANNO, PAIS, ESTUDIO, GENERO, CLASIFICACION, DURACION, CATEGORIA, IDDIRECTOR) values (9638522755,'Space jam', 40970, 'Colombia', 'Paramount Pictures', 'Dramas', 'R', '310 min', 'Con saga', 2709132563);
insert into PELICULAS (IDPELICULA, TITULO, ANNO, PAIS, ESTUDIO, GENERO, CLASIFICACION, DURACION, CATEGORIA, IDDIRECTOR) values (1472588166,'Avengers',2015, 'Argentina', 'Universal Pictures', 'Suspenso', 'MA', '310 min', 'Con saga', 2632378586);
insert into PELICULAS (IDPELICULA, TITULO, ANNO, PAIS, ESTUDIO, GENERO, CLASIFICACION, DURACION, CATEGORIA, IDDIRECTOR) values (7896541278,'Aladin',1998, 'Salvador', 'Warner Bros', 'Comedias', 'FV', '290min','Con saga', 4378186360);
insert into PELICULAS (IDPELICULA, TITULO, ANNO, PAIS, ESTUDIO, GENERO, CLASIFICACION, DURACION, CATEGORIA, IDDIRECTOR) values (9874560844,'Toy Story',1999, 'Estados Unidos', '20th Century-Fox', 'Ciencia Ficcion', 'FV', '240 min', 'Sin saga', 9416635989);
insert into PELICULAS (IDPELICULA, TITULO, ANNO, PAIS, ESTUDIO, GENERO, CLASIFICACION, DURACION, CATEGORIA, IDDIRECTOR) values (3214561264,'John Wick',2000, 'Paraguay', 'Columbia Pictures', 'Dramas', 'MA', '150 min', 'Sin saga', 6027354051);
insert into PELICULAS (IDPELICULA, TITULO, ANNO, PAIS, ESTUDIO, GENERO, CLASIFICACION, DURACION, CATEGORIA, IDDIRECTOR) values (1236541286,'Rey leon',2001, 'Espanha', 'Warner Bros', 'Comedias', 'Y7', '150 min', 'Con saga', 4378186360);
insert into PELICULAS (IDPELICULA, TITULO, ANNO, PAIS, ESTUDIO, GENERO, CLASIFICACION, DURACION, CATEGORIA, IDDIRECTOR) values (1234561044,'The losers',2010, 'Panama', 'Paramount Pictures', 'Ciencia Ficcion', 'MA', '217 min', 'Con saga', 8148410254);
insert into PELICULAS (IDPELICULA, TITULO, ANNO, PAIS, ESTUDIO, GENERO, CLASIFICACION, DURACION, CATEGORIA, IDDIRECTOR) values (9876541266,'Coco',1999, 'Nicaragua', 'Columbia Pictures', 'Dramas', 'MA', '240 min', 'Con saga', 6027354051);
insert into PELICULAS (IDPELICULA, TITULO, ANNO, PAIS, ESTUDIO, GENERO, CLASIFICACION, DURACION, CATEGORIA, IDDIRECTOR) values (9638521522,'Karate Kid',1988, 'Honduras', '20th Century-Fox', 'Dramas', 'FV', '310 min', 'Sin saga', 3263370241);
insert into PELICULAS (IDPELICULA, TITULO, ANNO, PAIS, ESTUDIO, GENERO, CLASIFICACION, DURACION, CATEGORIA, IDDIRECTOR) values (7418521855,'Iron Man',2010, 'Estados Unidos', 'Universal Pictures', 'Suspenso', 'Y7', '310 min', 'Sin saga', 4378186360);
insert into PELICULAS (IDPELICULA, TITULO, ANNO, PAIS, ESTUDIO, GENERO, CLASIFICACION, DURACION, CATEGORIA, IDDIRECTOR) values (1472586244,'Kink Kong',2006, 'Costa Rica', '20th Century-Fox', 'Accion', 'FV', '150 min', 'Con saga', 2709132563);
insert into PELICULAS (IDPELICULA, TITULO, ANNO, PAIS, ESTUDIO, GENERO, CLASIFICACION, DURACION, CATEGORIA, IDDIRECTOR) values (3692554438,'Jurassic Park',2007, 'Paraguay', 'Universal Pictures', 'Ciencia Ficcion', 'MA', '240 min', 'Con saga', 2632378586);
insert into PELICULAS (IDPELICULA, TITULO, ANNO, PAIS, ESTUDIO, GENERO, CLASIFICACION, DURACION, CATEGORIA, IDDIRECTOR) values (1796441333,'Capitan America',2003, 'Salvador', 'Columbia Pictures', 'Accion', 'PG', '150 min', 'Con saga', 4378186360);
insert into PELICULAS (IDPELICULA, TITULO, ANNO, PAIS, ESTUDIO, GENERO, CLASIFICACION, DURACION, CATEGORIA, IDDIRECTOR) values (7915467799,'Terminator',2004, 'Espanha', '20th Century-Fox', 'Comedias', 'Y7', '217 min', 'Sin saga', 9416635989);
insert into PELICULAS (IDPELICULA, TITULO, ANNO, PAIS, ESTUDIO, GENERO, CLASIFICACION, DURACION, CATEGORIA, IDDIRECTOR) values (8213634627,'300',2005, 'Nicaragua', 'Warner Bros', 'Ciencia Ficcion', 'FV', '240 min', 'Sin saga', 6027354051);
insert into PELICULAS (IDPELICULA, TITULO, ANNO, PAIS, ESTUDIO, GENERO, CLASIFICACION, DURACION, CATEGORIA, IDDIRECTOR) values (7955261269,'Hulk',1987, 'Panama', 'Paramount Pictures', 'Dramas', 'R', '310 min', 'Con saga', 4378186360);
insert into PELICULAS (IDPELICULA, TITULO, ANNO, PAIS, ESTUDIO, GENERO, CLASIFICACION, DURACION, CATEGORIA, IDDIRECTOR) values (3697523600,'Doctor Strange',2006, 'Mexico', 'Universal Pictures', 'Suspenso', 'MA', '310 min', 'Con saga', 8148410254);


insert into ACTORES (IDACTOR, NOMBRE, EDAD, GENERO, PAIS, ESTILO) values (6952365741, 'Will Smith', 51, 'masc', 'Estados Unidos', 'Variado');									
insert into ACTORES (IDACTOR, NOMBRE, EDAD, GENERO, PAIS, ESTILO) values (6952365742, 'Scarlett Johansson', 35, 'fem', 'Estados Unidos', 'Accion');									
insert into ACTORES (IDACTOR, NOMBRE, EDAD, GENERO, PAIS, ESTILO) values (6952365743, 'Elizabeth Olsen', 31, 'fem', 'Estados Unidos', 'Drama');									
insert into ACTORES (IDACTOR, NOMBRE, EDAD, GENERO, PAIS, ESTILO) values (6952365744, 'Karen Gillan', 32, 'fem', 'Inglaterra', 'Drama');									
insert into ACTORES (IDACTOR, NOMBRE, EDAD, GENERO, PAIS, ESTILO) values (6952365745, 'Brie Larson', 30, 'fem', 'Estados Unidos', 'Comedia');									
insert into ACTORES (IDACTOR, NOMBRE, EDAD, GENERO, PAIS, ESTILO) values (6952365746, 'Gwyneth Paltrow', 47, 'fem', 'Canada', 'Accion');									
insert into ACTORES (IDACTOR, NOMBRE, EDAD, GENERO, PAIS, ESTILO) values (6952365747, 'Chris Hemsworth', 36, 'masc', 'Canada', 'Comedia');									
insert into ACTORES (IDACTOR, NOMBRE, EDAD, GENERO, PAIS, ESTILO) values (6952365748, 'Robert Downey Jr.', 55, 'masc', 'Inglaterra', 'Accion');									
insert into ACTORES (IDACTOR, NOMBRE, EDAD, GENERO, PAIS, ESTILO) values (6952365749, 'Chris Evans', 38, 'masc', 'Inglaterra', 'Comedia');									
insert into ACTORES (IDACTOR, NOMBRE, EDAD, GENERO, PAIS, ESTILO) values (6952365750, 'Tom Holland', 23, 'masc', 'Canada', 'Comedia');									

insert into descargascanciones (IDDESCARGA, FECHAINI, ESTADO, IDUSUARIO, IDCANCION) values (4587123695, to_date('01/01/2020','dd/mm/yy'), 'En curso', '5975171151', '1211853736');
insert into descargascanciones (IDDESCARGA, FECHAINI, ESTADO, IDUSUARIO, IDCANCION) values (4587123696, to_date('05/01/2020','dd/mm/yy'), 'En curso', '4954530805', '2586883260');
insert into descargascanciones (IDDESCARGA, FECHAINI, ESTADO, IDUSUARIO, IDCANCION) values (4587123697, to_date('06/01/2020','dd/mm/yy'), 'Finalizado', '7221572081', '9348611233');
insert into descargascanciones (IDDESCARGA, FECHAINI, ESTADO, IDUSUARIO, IDCANCION) values (4587123702, to_date('06/02/2020','dd/mm/yy'), 'En curso', '3866025959', '8061114247');
insert into descargascanciones (IDDESCARGA, FECHAINI, ESTADO, IDUSUARIO, IDCANCION) values (4587123705, to_date('01/01/2020','dd/mm/yy'), 'Finalizado', '5975171151', '5632987457');
insert into descargascanciones (IDDESCARGA, FECHAINI, ESTADO, IDUSUARIO, IDCANCION) values (4587123706, to_date('05/01/2020','dd/mm/yy'), 'En curso', '4954530805', '5254531063');
insert into descargascanciones (IDDESCARGA, FECHAINI, ESTADO, IDUSUARIO, IDCANCION) values (4587123707, to_date('06/01/2020','dd/mm/yy'), 'Finalizado', '7221572081', '8759878333');
insert into descargascanciones (IDDESCARGA, FECHAINI, ESTADO, IDUSUARIO, IDCANCION) values (4587123712, to_date('06/02/2020','dd/mm/yy'), 'En curso', '3866025959', '2586883260');
insert into descargascanciones (IDDESCARGA, FECHAINI, ESTADO, IDUSUARIO, IDCANCION) values (4587123715, to_date('01/01/2020','dd/mm/yy'), 'En curso', '5975171151', '4617789552');
insert into descargascanciones (IDDESCARGA, FECHAINI, ESTADO, IDUSUARIO, IDCANCION) values (4587123716, to_date('05/01/2020','dd/mm/yy'), 'Finalizado', '4954530805', '5632987457');											

insert into PREFERENCIASCANCIONES (IDPREFERENCIA, IDUSUARIO, IDCANCION) values (6325412564, 1199142441, 2586883260);
insert into PREFERENCIASCANCIONES (IDPREFERENCIA, IDUSUARIO, IDCANCION) values (6325412567, 2047940791, 4439563617);
insert into PREFERENCIASCANCIONES (IDPREFERENCIA, IDUSUARIO, IDCANCION) values (6325412568, 2137075722, 4514897810);
insert into PREFERENCIASCANCIONES (IDPREFERENCIA, IDUSUARIO, IDCANCION) values (6325412569, 3088181072, 4617789552);
insert into PREFERENCIASCANCIONES (IDPREFERENCIA, IDUSUARIO, IDCANCION) values (6325412577, 5950815416, 7489980973);
insert into PREFERENCIASCANCIONES (IDPREFERENCIA, IDUSUARIO, IDCANCION) values (6325412578, 5975171151, 7489980973);
insert into PREFERENCIASCANCIONES (IDPREFERENCIA, IDUSUARIO, IDCANCION) values (6325412579, 6337443123, 7489980973);
insert into PREFERENCIASCANCIONES (IDPREFERENCIA, IDUSUARIO, IDCANCION) values (6325412580, 6446055800, 7489980973);
insert into PREFERENCIASCANCIONES (IDPREFERENCIA, IDUSUARIO, IDCANCION) values (6325412581, 7221572081, 7489980973);
insert into PREFERENCIASCANCIONES (IDPREFERENCIA, IDUSUARIO, IDCANCION) values (6325412582, 7389797797, 9348611233);
insert into PREFERENCIASCANCIONES (IDPREFERENCIA, IDUSUARIO, IDCANCION) values (6325412584, 1141651857, 4293323719);
insert into PREFERENCIASCANCIONES (IDPREFERENCIA, IDUSUARIO, IDCANCION) values (6325412585, 1141651857, 4295360183);
insert into PREFERENCIASCANCIONES (IDPREFERENCIA, IDUSUARIO, IDCANCION) values (6325412587, 1141651857, 4514897810);
insert into PREFERENCIASCANCIONES (IDPREFERENCIA, IDUSUARIO, IDCANCION) values (6325412591, 1199142441, 2586883260);
insert into PREFERENCIASCANCIONES (IDPREFERENCIA, IDUSUARIO, IDCANCION) values (6325412595, 1404763985, 4617789552);
insert into PREFERENCIASCANCIONES (IDPREFERENCIA, IDUSUARIO, IDCANCION) values (6325412596, 1404763985, 5198004729);
insert into PREFERENCIASCANCIONES (IDPREFERENCIA, IDUSUARIO, IDCANCION) values (6325412597, 1404763985, 5254531063);
insert into PREFERENCIASCANCIONES (IDPREFERENCIA, IDUSUARIO, IDCANCION) values (6325412601, 3133075206, 5254531063);
insert into PREFERENCIASCANCIONES (IDPREFERENCIA, IDUSUARIO, IDCANCION) values (6325412602, 3133075206, 5527920289);
insert into PREFERENCIASCANCIONES (IDPREFERENCIA, IDUSUARIO, IDCANCION) values (6325412603, 3133075206, 5632987457);					

insert into reproduccionescanciones (IDREPRODUCCION, FECHAINI, ESTADO, IDCANCION, IDUSUARIO ) values (8523652367, to_date('30/01/20','dd/mm/yy'), 'En pausa', '4293323719', '1404763985');
insert into reproduccionescanciones (IDREPRODUCCION, FECHAINI, ESTADO, IDCANCION, IDUSUARIO ) values (8523652372, to_date('22/01/20','dd/mm/yy'), 'En reproduccion', '5198004729', '3133075206');
insert into reproduccionescanciones (IDREPRODUCCION, FECHAINI, ESTADO, IDCANCION, IDUSUARIO ) values (8523652373, to_date('21/02/20','dd/mm/yy'), 'En reproduccion', '5254531063', '3133075206');
insert into reproduccionescanciones (IDREPRODUCCION, FECHAINI, ESTADO, IDCANCION, IDUSUARIO ) values (8523652375, to_date('06/02/20','dd/mm/yy'), 'En reproduccion', '5632987457', '3866025959');
insert into reproduccionescanciones (IDREPRODUCCION, FECHAINI, ESTADO, IDCANCION, IDUSUARIO ) values (8523652376, to_date('11/01/20','dd/mm/yy'), 'En pausa', '6342918088', '4324908921');
insert into reproduccionescanciones (IDREPRODUCCION, FECHAINI, ESTADO, IDCANCION, IDUSUARIO ) values (8523652377, to_date('05/01/20','dd/mm/yy'), 'En pausa', '6398391868', '4954530805');
insert into reproduccionescanciones (IDREPRODUCCION, FECHAINI, ESTADO, IDCANCION, IDUSUARIO ) values (8523652381, to_date('28/02/20','dd/mm/yy'), 'En pausa', '8733297155', '6337443123');
insert into reproduccionescanciones (IDREPRODUCCION, FECHAINI, ESTADO, IDCANCION, IDUSUARIO ) values (8523652384, to_date('04/03/20','dd/mm/yy'), 'En pausa', '9348611233', '7389797797');
insert into reproduccionescanciones (IDREPRODUCCION, FECHAINI, ESTADO, IDCANCION, IDUSUARIO ) values (8523652386, to_date('12/03/20','dd/mm/yy'), 'En reproduccion', '8061114247', '1141651857');
insert into reproduccionescanciones (IDREPRODUCCION, FECHAINI, ESTADO, IDCANCION, IDUSUARIO ) values (8523652387, to_date('12/03/20','dd/mm/yy'), 'En reproduccion', '8374768485', '1141651857');
insert into reproduccionescanciones (IDREPRODUCCION, FECHAINI, ESTADO, IDCANCION, IDUSUARIO ) values (8523652389, to_date('12/03/20','dd/mm/yy'), 'En reproduccion', '8759878333', '1141651857');
insert into reproduccionescanciones (IDREPRODUCCION, FECHAINI, ESTADO, IDCANCION, IDUSUARIO ) values (8523652391, to_date('30/01/20','dd/mm/yy'), 'En reproduccion', '8061114247', '1404763985');
insert into reproduccionescanciones (IDREPRODUCCION, FECHAINI, ESTADO, IDCANCION, IDUSUARIO ) values (8523652395, to_date('11/01/20','dd/mm/yy'), 'En reproduccion', '5254531063', '4324908921');
insert into reproduccionescanciones (IDREPRODUCCION, FECHAINI, ESTADO, IDCANCION, IDUSUARIO ) values (8523652396, to_date('05/01/20','dd/mm/yy'), 'En reproduccion', '5254531063', '4954530805');
insert into reproduccionescanciones (IDREPRODUCCION, FECHAINI, ESTADO, IDCANCION, IDUSUARIO ) values (8523652397, to_date('24/03/20','dd/mm/yy'), 'En pausa', '5254531063', '5333636734');
insert into reproduccionescanciones (IDREPRODUCCION, FECHAINI, ESTADO, IDCANCION, IDUSUARIO ) values (8523652398, to_date('09/03/20','dd/mm/yy'), 'En reproduccion', '5254531063', '5950815416');
insert into reproduccionescanciones (IDREPRODUCCION, FECHAINI, ESTADO, IDCANCION, IDUSUARIO ) values (8523652399, to_date('05/01/20','dd/mm/yy'), 'En reproduccion', '5254531063', '4954530805');
insert into reproduccionescanciones (IDREPRODUCCION, FECHAINI, ESTADO, IDCANCION, IDUSUARIO ) values (8523652400, to_date('24/03/20','dd/mm/yy'), 'En pausa', '4439563617', '5333636734');
insert into reproduccionescanciones (IDREPRODUCCION, FECHAINI, ESTADO, IDCANCION, IDUSUARIO ) values (8523652401, to_date('17/03/20','dd/mm/yy'), 'En reproduccion', '4439563617', '2047940791');
insert into reproduccionescanciones (IDREPRODUCCION, FECHAINI, ESTADO, IDCANCION, IDUSUARIO ) values (8523652403, to_date('17/03/20','dd/mm/yy'), 'En pausa', '5527920289', '2047940791');							

insert into formaspago (IDFORMAPAGO, NUMTARJETA, PROPETARIO, FECHAVENC, CVV, TIPO, IDUSUARIO) values (6325658414, 412596523216, 'Fay', to_date('01/03/2025','dd/mm/yy'), 564, 'Credito', 1404763985);
insert into formaspago (IDFORMAPAGO, NUMTARJETA, PROPETARIO, FECHAVENC, CVV, TIPO, IDUSUARIO) values (6325658416, 412596523218, 'Ola', to_date('01/05/2025','dd/mm/yy'), 566, 'Credito', 2047940791);
insert into formaspago (IDFORMAPAGO, NUMTARJETA, PROPETARIO, FECHAVENC, CVV, TIPO, IDUSUARIO) values (6325658418, 412596523220, 'Hans', to_date('01/07/2025','dd/mm/yy'), 568, 'Bitcoins', 3088181072);
insert into formaspago (IDFORMAPAGO, NUMTARJETA, PROPETARIO, FECHAVENC, CVV, TIPO, IDUSUARIO) values (6325658419, 412596523221, 'Josefina', to_date('01/08/2025','dd/mm/yy'), 569, 'Bitcoins', 3133075206);
insert into formaspago (IDFORMAPAGO, NUMTARJETA, PROPETARIO, FECHAVENC, CVV, TIPO, IDUSUARIO) values (6325658420, 412596523222, 'Herminia', to_date('01/08/2025','dd/mm/yy'), 570, 'Debito', 3453691137);
insert into formaspago (IDFORMAPAGO, NUMTARJETA, PROPETARIO, FECHAVENC, CVV, TIPO, IDUSUARIO) values (6325658421, 412596523223, 'Jacinto', to_date('01/09/2025','dd/mm/yy'), 571, 'Credito', 3834807351);
insert into formaspago (IDFORMAPAGO, NUMTARJETA, PROPETARIO, FECHAVENC, CVV, TIPO, IDUSUARIO) values (6325658423, 412596523225, 'Clement', to_date('01/10/2025','dd/mm/yy'), 573, 'Credito', 4324908921);
insert into formaspago (IDFORMAPAGO, NUMTARJETA, PROPETARIO, FECHAVENC, CVV, TIPO, IDUSUARIO) values (6325658424, 412596523226, 'Carol', to_date('01/12/2025','dd/mm/yy'), 574, 'Debito', 4954530805);
insert into formaspago (IDFORMAPAGO, NUMTARJETA, PROPETARIO, FECHAVENC, CVV, TIPO, IDUSUARIO) values (6325658425, 412596523227, 'Sharlene', to_date('01/06/2025','dd/mm/yy'), 575, 'Credito', 5333636734);
insert into formaspago (IDFORMAPAGO, NUMTARJETA, PROPETARIO, FECHAVENC, CVV, TIPO, IDUSUARIO) values (6325658427, 412596523229, 'Reyes', to_date('01/08/2025','dd/mm/yy'), 577, 'Bitcoins', 5975171151);
insert into formaspago (IDFORMAPAGO, NUMTARJETA, PROPETARIO, FECHAVENC, CVV, TIPO, IDUSUARIO) values (6325658428, 412596523230, 'Jessica', to_date('01/08/2025','dd/mm/yy'), 578, 'Bitcoins', 6337443123);
insert into formaspago (IDFORMAPAGO, NUMTARJETA, PROPETARIO, FECHAVENC, CVV, TIPO, IDUSUARIO) values (6325658429, 412596523231, 'Christine', to_date('01/09/2025','dd/mm/yy'), 579, 'Bitcoins', 6446055800);
insert into formaspago (IDFORMAPAGO, NUMTARJETA, PROPETARIO, FECHAVENC, CVV, TIPO, IDUSUARIO) values (6325658430, 412596523232, 'Edmund', to_date('01/01/2025','dd/mm/yy'), 580, 'Bitcoins', 7221572081);
insert into formaspago (IDFORMAPAGO, NUMTARJETA, PROPETARIO, FECHAVENC, CVV, TIPO, IDUSUARIO) values (6325658431, 412596523233, 'Essie', to_date('01/01/2025','dd/mm/yy'), 581, 'Credito', 7389797797);
insert into formaspago (IDFORMAPAGO, NUMTARJETA, PROPETARIO, FECHAVENC, CVV, TIPO, IDUSUARIO) values (6325658436, 412596523238, 'Fay', to_date('01/03/2025','dd/mm/yy'), 563, 'Credito', 1404763985);
insert into formaspago (IDFORMAPAGO, NUMTARJETA, PROPETARIO, FECHAVENC, CVV, TIPO, IDUSUARIO) values (6325658437, 412596523239, 'Fay', to_date('01/03/2025','dd/mm/yy'), 564, 'Bitcoins', 1404763985);
insert into formaspago (IDFORMAPAGO, NUMTARJETA, PROPETARIO, FECHAVENC, CVV, TIPO, IDUSUARIO) values (6325658440, 412596523242, 'Dewayne', to_date('01/06/2025','dd/mm/yy'), 567, 'Credito', 2137075722);
insert into formaspago (IDFORMAPAGO, NUMTARJETA, PROPETARIO, FECHAVENC, CVV, TIPO, IDUSUARIO) values (6325658441, 412596523243, 'Dewayne', to_date('01/06/2025','dd/mm/yy'), 568, 'Debito', 2137075722);
insert into formaspago (IDFORMAPAGO, NUMTARJETA, PROPETARIO, FECHAVENC, CVV, TIPO, IDUSUARIO) values (6325658442, 412596523244, 'Carol', to_date('01/12/2025','dd/mm/yy'), 569, 'Bitcoins', 4954530805);
insert into formaspago (IDFORMAPAGO, NUMTARJETA, PROPETARIO, FECHAVENC, CVV, TIPO, IDUSUARIO) values (6325658444, 412596523246, 'Jacinto', to_date('01/09/2025','dd/mm/yy'), 571, 'Credito', 3834807351);						

insert into descargasseries (iddescarga, fechaini, estado, idusuario, idserie) values (9754139114, to_date('13/01/2020', 'dd/mm/yyyy'), 'En curso', 1141651857, 1472583694);
insert into descargasseries (iddescarga, fechaini, estado, idusuario, idserie) values (6793705618, to_date('26/01/2020', 'dd/mm/yyyy'), 'Fallida', 2137075722, 3214569872);
insert into descargasseries (iddescarga, fechaini, estado, idusuario, idserie) values (8874397788, to_date('15/02/2020', 'dd/mm/yyyy'), 'Finalizada', 1404763985, 3692581478);
insert into descargasseries (iddescarga, fechaini, estado, idusuario, idserie) values (4153247598, to_date('17/02/2020', 'dd/mm/yyyy'), 'En curso', 1806567710, 9325383026);
insert into descargasseries (iddescarga, fechaini, estado, idusuario, idserie) values (4330911585, to_date('20/02/2020', 'dd/mm/yyyy'), 'Fallida', 1141651857, 9638527411);
insert into descargasseries (iddescarga, fechaini, estado, idusuario, idserie) values (4273726733, to_date('24/02/2020', 'dd/mm/yyyy'), 'Fallida', 2137075722, 3692581478);
insert into descargasseries (iddescarga, fechaini, estado, idusuario, idserie) values (6204537395, to_date('04/03/2020', 'dd/mm/yyyy'), 'Finalizada', 3088181072, 1472583694);
insert into descargasseries (iddescarga, fechaini, estado, idusuario, idserie) values (8328628187, to_date('23/03/2020', 'dd/mm/yyyy'), 'En curso', 3133075206, 3214569872);
insert into descargasseries (iddescarga, fechaini, estado, idusuario, idserie) values (9015921348, to_date('31/03/2020', 'dd/mm/yyyy'), 'Finalizada', 3453691137, 3692581478);
insert into descargasseries (iddescarga, fechaini, estado, idusuario, idserie) values (9676719536, to_date('04/03/2020', 'dd/mm/yyyy'), 'En curso', 1141651857, 3214569872);

insert into preferenciasseries (idpreferencia, idusuario, idserie) values (9428507955, 3453691137, 1472583694);
insert into preferenciasseries (idpreferencia, idusuario, idserie) values (2184793181, 3834807351, 3214569872);
insert into preferenciasseries (idpreferencia, idusuario, idserie) values (1001734460, 3866025959, 3692581478);
insert into preferenciasseries (idpreferencia, idusuario, idserie) values (4611253547, 4324908921, 9325383026);
insert into preferenciasseries (idpreferencia, idusuario, idserie) values (8438517227, 4954530805, 9638527411);
insert into preferenciasseries (idpreferencia, idusuario, idserie) values (5007653532, 5333636734, 9638527411);
insert into preferenciasseries (idpreferencia, idusuario, idserie) values (8051930333, 5950815416, 9325383026);
insert into preferenciasseries (idpreferencia, idusuario, idserie) values (3243423816, 5975171151, 1472583694);
insert into preferenciasseries (idpreferencia, idusuario, idserie) values (1041142166, 6337443123, 9638527411);
insert into preferenciasseries (idpreferencia, idusuario, idserie) values (1744515953, 6446055800, 3692581478);
insert into preferenciasseries (idpreferencia, idusuario, idserie) values (8556194833, 7221572081, 3692581478);
insert into preferenciasseries (idpreferencia, idusuario, idserie) values (4532371543, 7389797797, 1472583694);
insert into preferenciasseries (idpreferencia, idusuario, idserie) values (9145236450, 5975171151, 9638527411);
insert into preferenciasseries (idpreferencia, idusuario, idserie) values (1751796690, 4324908921, 3692581478);
insert into preferenciasseries (idpreferencia, idusuario, idserie) values (9701241036, 3834807351, 1472583694);
insert into preferenciasseries (idpreferencia, idusuario, idserie) values (3026176155, 7221572081, 3214569872);
insert into preferenciasseries (idpreferencia, idusuario, idserie) values (4056977925, 4954530805, 9325383026);
insert into preferenciasseries (idpreferencia, idusuario, idserie) values (2779979169, 3834807351, 1472583694);
insert into preferenciasseries (idpreferencia, idusuario, idserie) values (5118881427, 5975171151, 3214569872);
insert into preferenciasseries (idpreferencia, idusuario, idserie) values (8810619176, 3453691137, 9325383026);

insert into reproduccionesseries (idreproduccion, fechaini, estado, idusuario, idserie) values (8246330149, to_date('03/01/2020', 'dd/mm/yyyy'), 'En reproduccion', 3866025959, 1472583694);
insert into reproduccionesseries (idreproduccion, fechaini, estado, idusuario, idserie) values (7778442733, to_date('05/01/2020', 'dd/mm/yyyy'), 'En pausa', 4324908921, 3214569872);
insert into reproduccionesseries (idreproduccion, fechaini, estado, idusuario, idserie) values (1446838736, to_date('16/01/2020', 'dd/mm/yyyy'), 'En pausa', 4954530805, 3692581478);
insert into reproduccionesseries (idreproduccion, fechaini, estado, idusuario, idserie) values (2038478348, to_date('18/01/2020', 'dd/mm/yyyy'), 'En reproduccion', 5333636734, 9325383026);
insert into reproduccionesseries (idreproduccion, fechaini, estado, idusuario, idserie) values (7556773689, to_date('19/01/2020', 'dd/mm/yyyy'), 'En reproduccion', 5950815416, 9638527411);
insert into reproduccionesseries (idreproduccion, fechaini, estado, idusuario, idserie) values (7720692393, to_date('23/01/2020', 'dd/mm/yyyy'), 'En pausa', 5975171151, 3214569872);
insert into reproduccionesseries (idreproduccion, fechaini, estado, idusuario, idserie) values (7669763977, to_date('24/01/2020', 'dd/mm/yyyy'), 'En reproduccion', 6337443123, 3692581478);
insert into reproduccionesseries (idreproduccion, fechaini, estado, idusuario, idserie) values (2288779078, to_date('26/01/2020', 'dd/mm/yyyy'), 'En reproduccion', 6446055800, 1472583694);
insert into reproduccionesseries (idreproduccion, fechaini, estado, idusuario, idserie) values (2083802526, to_date('28/01/2020', 'dd/mm/yyyy'), 'En pausa', 7221572081, 1472583694);
insert into reproduccionesseries (idreproduccion, fechaini, estado, idusuario, idserie) values (6084357967, to_date('30/01/2020', 'dd/mm/yyyy'), 'En pausa', 7389797797, 9638527411);
insert into reproduccionesseries (idreproduccion, fechaini, estado, idusuario, idserie) values (4642551622, to_date('31/01/2020', 'dd/mm/yyyy'), 'En reproduccion', 4324908921, 3214569872);
insert into reproduccionesseries (idreproduccion, fechaini, estado, idusuario, idserie) values (5326107768, to_date('06/02/2020', 'dd/mm/yyyy'), 'En pausa', 3866025959, 1472583694);
insert into reproduccionesseries (idreproduccion, fechaini, estado, idusuario, idserie) values (6403590726, to_date('21/02/2020', 'dd/mm/yyyy'), 'En reproduccion', 6446055800, 3214569872);
insert into reproduccionesseries (idreproduccion, fechaini, estado, idusuario, idserie) values (6386001202, to_date('02/03/2020', 'dd/mm/yyyy'), 'En pausa', 5950815416, 9638527411);
insert into reproduccionesseries (idreproduccion, fechaini, estado, idusuario, idserie) values (1892479355, to_date('04/03/2020', 'dd/mm/yyyy'), 'En reproduccion', 7221572081, 1472583694);
insert into reproduccionesseries (idreproduccion, fechaini, estado, idusuario, idserie) values (9658124765, to_date('10/03/2020', 'dd/mm/yyyy'), 'En reproduccion', 7221572081, 9638527411);
insert into reproduccionesseries (idreproduccion, fechaini, estado, idusuario, idserie) values (4794012903, to_date('14/03/2020', 'dd/mm/yyyy'), 'En pausa', 6446055800, 1472583694);
insert into reproduccionesseries (idreproduccion, fechaini, estado, idusuario, idserie) values (3413919511, to_date('15/03/2020', 'dd/mm/yyyy'), 'En reproduccion', 5950815416, 3214569872);
insert into reproduccionesseries (idreproduccion, fechaini, estado, idusuario, idserie) values (6175733289, to_date('28/03/2020', 'dd/mm/yyyy'), 'En pausa', 3866025959, 9638527411);
insert into reproduccionesseries (idreproduccion, fechaini, estado, idusuario, idserie) values (3836412286, to_date('03/04/2020', 'dd/mm/yyyy'), 'En reproduccion', 4324908921, 1472583694);

insert into produccionseries (idproduccion, idproductor, idserie) values (9017766920, 1234567849, 1472583694);
insert into produccionseries (idproduccion, idproductor, idserie) values (2980943442, 1236547829, 3214569872);
insert into produccionseries (idproduccion, idproductor, idserie) values (1198376338, 1472583619, 3692581478);
insert into produccionseries (idproduccion, idproductor, idserie) values (1194164119, 3214569873, 9325383026);
insert into produccionseries (idproduccion, idproductor, idserie) values (4420676636, 3692581437, 9638527411);
insert into produccionseries (idproduccion, idproductor, idserie) values (7817338150, 3214569873, 3214569872);
insert into produccionseries (idproduccion, idproductor, idserie) values (1695471934, 7896541234, 9638527411);
insert into produccionseries (idproduccion, idproductor, idserie) values (8772108712, 3692581437, 3692581478);
insert into produccionseries (idproduccion, idproductor, idserie) values (9508279731, 7418529663, 3214569872);
insert into produccionseries (idproduccion, idproductor, idserie) values (8243217724, 1236547829, 3692581478);

insert into repartosserie (idrepartoserie, idserie, idactor) values (5836369071, 1472583694, 6952365741);
insert into repartosserie (idrepartoserie, idserie, idactor) values (8435835480, 3214569872, 6952365742);
insert into repartosserie (idrepartoserie, idserie, idactor) values (1158903212, 3692581478, 6952365743);
insert into repartosserie (idrepartoserie, idserie, idactor) values (7464701403, 9325383026, 6952365744);
insert into repartosserie (idrepartoserie, idserie, idactor) values (7313392632, 9638527411, 6952365745);
insert into repartosserie (idrepartoserie, idserie, idactor) values (3861727242, 1472583694, 6952365746);
insert into repartosserie (idrepartoserie, idserie, idactor) values (1512294894, 3692581478, 6952365747);
insert into repartosserie (idrepartoserie, idserie, idactor) values (5495273378, 9638527411, 6952365748);
insert into repartosserie (idrepartoserie, idserie, idactor) values (9556318929, 1472583694, 6952365745);
insert into repartosserie (idrepartoserie, idserie, idactor) values (8891865049, 3692581478, 6952365741);

insert into sagasserie (idsaga, titulo, anno, categoria, genero, idserie) values (3159810711, 'El mentalista', 1998, 'Final de temporada', 'Accion', 3692581478);
insert into sagasserie (idsaga, titulo, anno, categoria, genero, idserie) values (6059838023, 'Juego de tronos', 2012, ' Serie grande', 'Comedias', 1472583694);
insert into sagasserie (idsaga, titulo, anno, categoria, genero, idserie) values (3766591015, 'Vikingos', 2000, ' Serie grande', 'Ciencia Ficcion', 3214569872);
insert into sagasserie (idsaga, titulo, anno, categoria, genero, idserie) values (3951294008, 'La casa de papel', 1980, ' Mini serie', 'Dramas', 9638527411);
insert into sagasserie (idsaga, titulo, anno, categoria, genero, idserie) values (2552709258, 'Stranger Things', 2015, ' Serie grande', 'Suspenso', 9325383026);
insert into sagasserie (idsaga, titulo, anno, categoria, genero, idserie) values (6492409195, 'La casa de papel', 1980, ' Mini serie', 'Dramas', 9638527411);
insert into sagasserie (idsaga, titulo, anno, categoria, genero, idserie) values (6858393932, 'Vikingos', 2000, ' Serie grande', 'Ciencia Ficcion', 3214569872);
insert into sagasserie (idsaga, titulo, anno, categoria, genero, idserie) values (1417952407, 'Stranger Things', 2015, ' Serie grande', 'Suspenso', 9325383026);
insert into sagasserie (idsaga, titulo, anno, categoria, genero, idserie) values (4852033242, 'Vikingos', 2000, ' Serie grande', 'Ciencia Ficcion', 3214569872);
insert into sagasserie (idsaga, titulo, anno, categoria, genero, idserie) values (2869541611, 'Stranger Things', 2015, ' Serie grande', 'Suspenso', 9325383026);

insert into membresias (idusuario, idmembresia) values (1141651857,3716839416);
insert into membresias (idusuario, idmembresia) values (1199142441,8074239433);
insert into membresias (idusuario, idmembresia) values (1404763985,4619838246);
insert into membresias (idusuario, idmembresia) values (1806567710,8540876752);
insert into membresias (idusuario, idmembresia) values (2047940791,7244174149);
insert into membresias (idusuario, idmembresia) values (2137075722,1998153235);
insert into membresias (idusuario, idmembresia) values (3088181072,3014843922);
insert into membresias (idusuario, idmembresia) values (3133075206,1952571690);
insert into membresias (idusuario, idmembresia) values (3453691137,9955895213);
insert into membresias (idusuario, idmembresia) values (3834807351,2231728108);
insert into membresias (idusuario, idmembresia) values (3866025959,7162577847);
insert into membresias (idusuario, idmembresia) values (4324908921,5950922167);
insert into membresias (idusuario, idmembresia) values (4954530805,5826645886);
insert into membresias (idusuario, idmembresia) values (5333636734,4718309469);
insert into membresias (idusuario, idmembresia) values (5950815416,6334422871);
insert into membresias (idusuario, idmembresia) values (5975171151,1957900789);
insert into membresias (idusuario, idmembresia) values (6337443123,1098478908);
insert into membresias (idusuario, idmembresia) values (6446055800,5262357097);
insert into membresias (idusuario, idmembresia) values (7221572081,9616575537);
insert into membresias (idusuario, idmembresia) values (7389797797,5643567256);

insert into descargaspeliculas (iddescarga, fechaini, estado, idusuario, idpelicula) values (8616520263, to_date('25/05/2005', 'dd/mm/yyyy'), 'activo', '1141651857', '1234561044');
insert into descargaspeliculas (iddescarga, fechaini, estado, idusuario, idpelicula) values (4730638513, to_date('13/03/2003', 'dd/mm/yyyy'), 'pausa', '1199142441', '1234561044');
insert into descargaspeliculas (iddescarga, fechaini, estado, idusuario, idpelicula) values (8919406393, to_date('16/04/2000', 'dd/mm/yyyy'), 'pausa', '1404763985', '1472582467');
insert into descargaspeliculas (iddescarga, fechaini, estado, idusuario, idpelicula) values (5439231686, to_date('12/12/2012', 'dd/mm/yyyy'), 'activo', '1806567710', '1472582467');
insert into descargaspeliculas (iddescarga, fechaini, estado, idusuario, idpelicula) values (1650189948, to_date('06/06/2006', 'dd/mm/yyyy'), 'pausa', '2047940791', '1472582467');
insert into descargaspeliculas (iddescarga, fechaini, estado, idusuario, idpelicula) values (8641918462, to_date('07/09/1985', 'dd/mm/yyyy'), 'activo', '2137075722', '1796441333');
insert into descargaspeliculas (iddescarga, fechaini, estado, idusuario, idpelicula) values (8493802044, to_date('08/08/2008', 'dd/mm/yyyy'), 'activo', '3088181072', '3214561055');
insert into descargaspeliculas (iddescarga, fechaini, estado, idusuario, idpelicula) values (1056693321, to_date('25/11/2001', 'dd/mm/yyyy'), 'completo', '3133075206', '3214561055');
insert into descargaspeliculas (iddescarga, fechaini, estado, idusuario, idpelicula) values (6826796813, to_date('31/12/2020', 'dd/mm/yyyy'), 'completo', '3453691137', '3692582683');
insert into descargaspeliculas (iddescarga, fechaini, estado, idusuario, idpelicula) values (6519243109, to_date('04/01/1999', 'dd/mm/yyyy'), 'activo', '3834807351', '3692582683');

insert into preferenciaspeliculas (idpreferencia, idusuario, idpelicula) values (3259839894, 1141651857, 1234561044);
insert into preferenciaspeliculas (idpreferencia, idusuario, idpelicula) values (5842488349, 1199142441, 1236541286);
insert into preferenciaspeliculas (idpreferencia, idusuario, idpelicula) values (8885451430, 1404763985, 1472582467);
insert into preferenciaspeliculas (idpreferencia, idusuario, idpelicula) values (2113194126, 1806567710, 1472586244);
insert into preferenciaspeliculas (idpreferencia, idusuario, idpelicula) values (3753405115, 2047940791, 1472588166);
insert into preferenciaspeliculas (idpreferencia, idusuario, idpelicula) values (1574665986, 2137075722, 3214561055);
insert into preferenciaspeliculas (idpreferencia, idusuario, idpelicula) values (9262623792, 3088181072, 3214561055);
insert into preferenciaspeliculas (idpreferencia, idusuario, idpelicula) values (7459285368, 3133075206, 3214561264);
insert into preferenciaspeliculas (idpreferencia, idusuario, idpelicula) values (2772804291, 3453691137, 3692554438);
insert into preferenciaspeliculas (idpreferencia, idusuario, idpelicula) values (3402604389, 3834807351, 3692582683);
insert into preferenciaspeliculas (idpreferencia, idusuario, idpelicula) values (1857887701, 4324908921, 1234561044);
insert into preferenciaspeliculas (idpreferencia, idusuario, idpelicula) values (7798159281, 4954530805, 1236541286);
insert into preferenciaspeliculas (idpreferencia, idusuario, idpelicula) values (6555046998, 5333636734, 1472582467);
insert into preferenciaspeliculas (idpreferencia, idusuario, idpelicula) values (7889535840, 5950815416, 1472586244);
insert into preferenciaspeliculas (idpreferencia, idusuario, idpelicula) values (4626660066, 5975171151, 1472588166);
insert into preferenciaspeliculas (idpreferencia, idusuario, idpelicula) values (3033905033, 6337443123, 3214561055);
insert into preferenciaspeliculas (idpreferencia, idusuario, idpelicula) values (8969832960, 6446055800, 3214561055);
insert into preferenciaspeliculas (idpreferencia, idusuario, idpelicula) values (3036562203, 7221572081, 3214561264);
insert into preferenciaspeliculas (idpreferencia, idusuario, idpelicula) values (3899482178, 7389797797, 3692554438);
insert into preferenciaspeliculas (idpreferencia, idusuario, idpelicula) values (9733364377, 7389797797, 1472588166);

insert into produccionpelicula (idproduccion, idproductor, idpelicula) values (3259839894, 1234567849, 1234561044);
insert into produccionpelicula (idproduccion, idproductor, idpelicula) values (5842488349, 1236547829, 1236541286);
insert into produccionpelicula (idproduccion, idproductor, idpelicula) values (8885451430, 1472583619, 1472582467);
insert into produccionpelicula (idproduccion, idproductor, idpelicula) values (2113194126, 3214569873, 1472586244);
insert into produccionpelicula (idproduccion, idproductor, idpelicula) values (3753405115, 3692581437, 1472588166);
insert into produccionpelicula (idproduccion, idproductor, idpelicula) values (1574665986, 7418529663, 3214561055);
insert into produccionpelicula (idproduccion, idproductor, idpelicula) values (9262623792, 7896541234, 3214561055);
insert into produccionpelicula (idproduccion, idproductor, idpelicula) values (7459285368, 9638527451, 3214561264);
insert into produccionpelicula (idproduccion, idproductor, idpelicula) values (2772804291, 9874563212, 3692554438);
insert into produccionpelicula (idproduccion, idproductor, idpelicula) values (3402604389, 9876543241, 3692582683);

insert into repartospelicula (idrepartopelicula, idpelicula, idactor) values (3259839894, 1234561044, 6952365741);
insert into repartospelicula (idrepartopelicula, idpelicula, idactor) values (5842488349, 1236541286, 6952365742);
insert into repartospelicula (idrepartopelicula, idpelicula, idactor) values (8885451430, 1472582467, 6952365743);
insert into repartospelicula (idrepartopelicula, idpelicula, idactor) values (2113194126, 1472586244, 6952365744);
insert into repartospelicula (idrepartopelicula, idpelicula, idactor) values (3753405115, 1472588166, 6952365745);
insert into repartospelicula (idrepartopelicula, idpelicula, idactor) values (1574665986, 3214561055, 6952365746);
insert into repartospelicula (idrepartopelicula, idpelicula, idactor) values (9262623792, 3214561055, 6952365747);
insert into repartospelicula (idrepartopelicula, idpelicula, idactor) values (7459285368, 3214561264, 6952365748);
insert into repartospelicula (idrepartopelicula, idpelicula, idactor) values (2772804291, 3692554438, 6952365749);
insert into repartospelicula (idrepartopelicula, idpelicula, idactor) values (3402604389, 3692582683, 6952365749);

insert into reproduccionespeliculas (idreproduccion, fechaini, estado, idpelicula, idusuario) values (9676193503, to_date('05/25/2005', 'mm/dd/yyyy'), 'en pausa', 1234561044, 1141651857);
insert into reproduccionespeliculas (idreproduccion, fechaini, estado, idpelicula, idusuario) values (6904016392, to_date('03/13/2003', 'mm/dd/yyyy'), 'en reproduccion', 1236541286, 1199142441);
insert into reproduccionespeliculas (idreproduccion, fechaini, estado, idpelicula, idusuario) values (5060096674, to_date('04/16/2000', 'mm/dd/yyyy'), 'en pausa', 1472582467, 1404763985);
insert into reproduccionespeliculas (idreproduccion, fechaini, estado, idpelicula, idusuario) values (8554451543, to_date('12/12/2012', 'mm/dd/yyyy'), 'en reproduccion', 1472586244, 1806567710);
insert into reproduccionespeliculas (idreproduccion, fechaini, estado, idpelicula, idusuario) values (6620316431, to_date('06/06/2006', 'mm/dd/yyyy'), 'en pausa', 1472588166, 2047940791);
insert into reproduccionespeliculas (idreproduccion, fechaini, estado, idpelicula, idusuario) values (6536122757, to_date('07/09/1985','mm/dd/yyyy'), 'en reproduccion', 3214561055, 2137075722);
insert into reproduccionespeliculas (idreproduccion, fechaini, estado, idpelicula, idusuario) values (2444638654, to_date('08/08/2008','mm/dd/yyyy'), 'en reproduccion', 3214561055, 3088181072);
insert into reproduccionespeliculas (idreproduccion, fechaini, estado, idpelicula, idusuario) values (6900643877, to_date('11/25/2001','mm/dd/yyyy'), 'en pausa', 3214561264, 3133075206);
insert into reproduccionespeliculas (idreproduccion, fechaini, estado, idpelicula, idusuario) values (1643840967, to_date('12/31/2020','mm/dd/yyyy'), 'en reproduccion', 3692554438, 3453691137);
insert into reproduccionespeliculas (idreproduccion, fechaini, estado, idpelicula, idusuario) values (7085886444, to_date('04/01/1999','mm/dd/yyyy'), 'en reproduccion', 3692582683, 3834807351);
insert into reproduccionespeliculas (idreproduccion, fechaini, estado, idpelicula, idusuario) values (5940632035, to_date('04/23/2006', 'mm/dd/yyyy'), 'en pausa', 1234561044, 4324908921);
insert into reproduccionespeliculas (idreproduccion, fechaini, estado, idpelicula, idusuario) values (5456228225, to_date('02/14/2002', 'mm/dd/yyyy'), 'en reproduccion', 1236541286, 4954530805);
insert into reproduccionespeliculas (idreproduccion, fechaini, estado, idpelicula, idusuario) values (1220059245, to_date('03/17/2001', 'mm/dd/yyyy'), 'en pausa', 1472582467, 5333636734);
insert into reproduccionespeliculas (idreproduccion, fechaini, estado, idpelicula, idusuario) values (8858141895, to_date('01/18/2013', 'mm/dd/yyyy'), 'en reproduccion', 1472586244, 5950815416);
insert into reproduccionespeliculas (idreproduccion, fechaini, estado, idpelicula, idusuario) values (8366605782, to_date('05/07/2007', 'mm/dd/yyyy'), 'en pausa', 1472588166, 5975171151);
insert into reproduccionespeliculas (idreproduccion, fechaini, estado, idpelicula, idusuario) values (9571442412, to_date('08/10/1995','mm/dd/yyyy'), 'en reproduccion', 3214561055, 6337443123);
insert into reproduccionespeliculas (idreproduccion, fechaini, estado, idpelicula, idusuario) values (4370692511, to_date('07/09/2009','mm/dd/yyyy'), 'en reproduccion', 3214561055, 6446055800);
insert into reproduccionespeliculas (idreproduccion, fechaini, estado, idpelicula, idusuario) values (3379029415, to_date('12/24/2005','mm/dd/yyyy'), 'en pausa', 3214561264, 7221572081);
insert into reproduccionespeliculas (idreproduccion, fechaini, estado, idpelicula, idusuario) values (7514879003, to_date('01/01/2019','mm/dd/yyyy'), 'en reproduccion', 3692554438, 7389797797);
insert into reproduccionespeliculas (idreproduccion, fechaini, estado, idpelicula, idusuario) values (6815031476, to_date('03/02/2000','mm/dd/yyyy'), 'en reproduccion', 3692582683, 3866025959);

insert into sagaspelicula (idsaga, titulo, anno, categoria, genero, idpelicula) values (4754922672, 'Rapidos y furiosos', 2009, 'con saga', 'accion',3692582683);
insert into sagaspelicula (idsaga, titulo, anno, categoria, genero, idpelicula) values (1732342198, 'Harry Potter', 2005, 'con saga', 'comedias',1472582467);
insert into sagaspelicula (idsaga, titulo, anno, categoria, genero, idpelicula) values (5944713764, 'Uncle Drew', 1900, 'con saga', 'ciencia ficcion',3214561055);
insert into sagaspelicula (idsaga, titulo, anno, categoria, genero, idpelicula) values (5080907437, 'Space jam', 1999, 'con saga', 'dramas',9638522755);
insert into sagaspelicula (idsaga, titulo, anno, categoria, genero, idpelicula) values (7821569585, 'Avengers', 2002, 'con saga', 'suspenso',1472588166);
insert into sagaspelicula (idsaga, titulo, anno, categoria, genero, idpelicula) values (5497732011, 'Doctor Strange', 2013, 'con saga', 'suspenso',3697523600);
insert into sagaspelicula (idsaga, titulo, anno, categoria, genero, idpelicula) values (1895847208, 'The losers', 2010, 'con saga', 'ciencia ficcion',1234561044);
insert into sagaspelicula (idsaga, titulo, anno, categoria, genero, idpelicula) values (1624163756, 'John Wick', 2013, 'con saga', 'dramas',3214561264);
insert into sagaspelicula (idsaga, titulo, anno, categoria, genero, idpelicula) values (3753553847, 'Rapidos y furiosos', 2009, 'con saga', 'accion',9638521522);
insert into sagaspelicula (idsaga, titulo, anno, categoria, genero, idpelicula) values (4696905052, 'Avengers', 2002, 'con saga', 'suspenso',7418521855);