insert into usuarios (IDUSUARIO, NOMBRE, DIRECCION, TELEFONO, FECHANACIMIENTO, GENERO, PAIS, EMAIL, CLAVEACCESO, PROFESION, FECHAINCLUSION) values (5975171151,'Reyes','777 Brockton Avenue',9310638,to_date('08/07/1950','dd/mm/yyyy'),'masc','Mexico','reyes@gmail.com','53980','Supervisor',to_date('01/01/2020', 'dd/mm/yyyy'));
insert into usuarios (IDUSUARIO, NOMBRE, DIRECCION, TELEFONO, FECHANACIMIENTO, GENERO, PAIS, EMAIL, CLAVEACCESO, PROFESION, FECHAINCLUSION) values (4954530805,'Carol','30 Memorial Drive',88230900,to_date('22/05/1951','dd/mm/yyyy'),'fem','Costa Rica','carol@gmail.com','35230','Associate',to_date('05/01/2020', 'dd/mm/yyyy'));
insert into usuarios (IDUSUARIO, NOMBRE, DIRECCION, TELEFONO, FECHANACIMIENTO, GENERO, PAIS, EMAIL, CLAVEACCESO, PROFESION, FECHAINCLUSION) values (7221572081,'Edmund','250 Hartford Avenue',17536500,to_date('14/05/1953','dd/mm/yyyy'),'masc','Inglaterra','edmund@gmail.com','2724','Executive',to_date('06/01/2020', 'dd/mm/yyyy'));
insert into usuarios (IDUSUARIO, NOMBRE, DIRECCION, TELEFONO, FECHANACIMIENTO, GENERO, PAIS, EMAIL, CLAVEACCESO, PROFESION, FECHAINCLUSION) values (4324908921,'Clement','700 Oak Street',33600966,to_date('12/10/1962','dd/mm/yyyy'),'masc','Inglaterra','clement@gmail.com','50883','Liason',to_date('11/01/2020', 'dd/mm/yyyy'));
insert into usuarios (IDUSUARIO, NOMBRE, DIRECCION, TELEFONO, FECHANACIMIENTO, GENERO, PAIS, EMAIL, CLAVEACCESO, PROFESION, FECHAINCLUSION) values (3133075206,'Josefina','66-4 Parkhurst Rd',69959473,to_date('26/11/1964','dd/mm/yyyy'),'fem','Argentina','josefina@gmail.com','56713','Officer',to_date('22/01/2020', 'dd/mm/yyyy'));
insert into usuarios (IDUSUARIO, NOMBRE, DIRECCION, TELEFONO, FECHANACIMIENTO, GENERO, PAIS, EMAIL, CLAVEACCESO, PROFESION, FECHAINCLUSION) values (2047940791,'Ola','591 Memorial Dr',11625783,to_date('25/04/1970','dd/mm/yyyy'),'fem','Inglaterra','ola@gmail.com','15108','Manager',to_date('26/01/2020', 'dd/mm/yyyy'));
insert into usuarios (IDUSUARIO, NOMBRE, DIRECCION, TELEFONO, FECHANACIMIENTO, GENERO, PAIS, EMAIL, CLAVEACCESO, PROFESION, FECHAINCLUSION) values (1404763985,'Fay','55 Brooksby Village Way',89799635,to_date('08/07/1971','dd/mm/yyyy'),'fem','Estados Unidos','fay@gmail.com','44088','Engineer',to_date('30/01/2020', 'dd/mm/yyyy'));
insert into usuarios (IDUSUARIO, NOMBRE, DIRECCION, TELEFONO, FECHANACIMIENTO, GENERO, PAIS, EMAIL, CLAVEACCESO, PROFESION, FECHAINCLUSION) values (3866025959,'Shawna','137 Teaticket Hwy',97010828,to_date('08/06/1972','dd/mm/yyyy'),'fem','Australia','shawna@gmail.com','84795','Specialist',to_date('06/02/2020', 'dd/mm/yyyy'));
insert into usuarios (IDUSUARIO, NOMBRE, DIRECCION, TELEFONO, FECHANACIMIENTO, GENERO, PAIS, EMAIL, CLAVEACCESO, PROFESION, FECHAINCLUSION) values (3088181072,'Hans','42 Fairhaven Commons Way',95397769,to_date('19/06/1974','dd/mm/yyyy'),'masc','Inglaterra','hans@gmail.com','60051','Director',to_date('20/02/2020', 'dd/mm/yyyy'));
insert into usuarios (IDUSUARIO, NOMBRE, DIRECCION, TELEFONO, FECHANACIMIENTO, GENERO, PAIS, EMAIL, CLAVEACCESO, PROFESION, FECHAINCLUSION) values (3453691137,'Herminia','374 William S Canning Blvd',95829258,to_date('28/06/1977','dd/mm/yyyy'),'fem','Argentina','herminia@gmail.com','18450','Coordinator',to_date('21/02/2020', 'dd/mm/yyyy'));
insert into usuarios (IDUSUARIO, NOMBRE, DIRECCION, TELEFONO, FECHANACIMIENTO, GENERO, PAIS, EMAIL, CLAVEACCESO, PROFESION, FECHAINCLUSION) values (6337443123,'Jessica','121 Worcester Rd',30379478,to_date('23/02/1979','dd/mm/yyyy'),'fem','Estados Unidos','jessica@gmail.com','54786','Administrator',to_date('28/02/2020', 'dd/mm/yyyy'));
insert into usuarios (IDUSUARIO, NOMBRE, DIRECCION, TELEFONO, FECHANACIMIENTO, GENERO, PAIS, EMAIL, CLAVEACCESO, PROFESION, FECHAINCLUSION) values (1199142441,'Emilia','677 Timpany Blvd',24574369,to_date('03/02/1981','dd/mm/yyyy'),'fem','Costa Rica','emilia@gmail.com','52396','Architect',to_date('29/02/2020', 'dd/mm/yyyy'));
insert into usuarios (IDUSUARIO, NOMBRE, DIRECCION, TELEFONO, FECHANACIMIENTO, GENERO, PAIS, EMAIL, CLAVEACCESO, PROFESION, FECHAINCLUSION) values (7389797797,'Essie','337 Russell St',34246080,to_date('05/05/1985','dd/mm/yyyy'),'fem','Estados Unidos','essie@gmail.com','28036','Analyst',to_date('04/03/2020', 'dd/mm/yyyy'));
insert into usuarios (IDUSUARIO, NOMBRE, DIRECCION, TELEFONO, FECHANACIMIENTO, GENERO, PAIS, EMAIL, CLAVEACCESO, PROFESION, FECHAINCLUSION) values (5950815416,'Max','295 Plymouth Street',30398671,to_date('04/06/1986','dd/mm/yyyy'),'masc','Estados Unidos','max@gmail.com','20767','Designer',to_date('09/03/2020', 'dd/mm/yyyy'));
insert into usuarios (IDUSUARIO, NOMBRE, DIRECCION, TELEFONO, FECHANACIMIENTO, GENERO, PAIS, EMAIL, CLAVEACCESO, PROFESION, FECHAINCLUSION) values (1141651857,'Shayne','1775 Washington St',32110259,to_date('22/05/1991','dd/mm/yyyy'),'fem','Jamaica','shayne@gmail.com','17103','Planner',to_date('12/03/2020', 'dd/mm/yyyy'));
insert into usuarios (IDUSUARIO, NOMBRE, DIRECCION, TELEFONO, FECHANACIMIENTO, GENERO, PAIS, EMAIL, CLAVEACCESO, PROFESION, FECHAINCLUSION) values (6446055800,'Christine','280 Washington Street',47236584,to_date('22/04/1994','dd/mm/yyyy'),'fem','Estados Unidos','christine@gmail.com','6257','Administrator',to_date('13/03/2020', 'dd/mm/yyyy'));
insert into usuarios (IDUSUARIO, NOMBRE, DIRECCION, TELEFONO, FECHANACIMIENTO, GENERO, PAIS, EMAIL, CLAVEACCESO, PROFESION, FECHAINCLUSION) values (3834807351,'Jacinto','20 Soojian Dr',10319169,to_date('13/11/1996','dd/mm/yyyy'),'masc','Mexico','jacinto@gmail.com','46748','Architect',to_date('15/03/2020', 'dd/mm/yyyy'));
insert into usuarios (IDUSUARIO, NOMBRE, DIRECCION, TELEFONO, FECHANACIMIENTO, GENERO, PAIS, EMAIL, CLAVEACCESO, PROFESION, FECHAINCLUSION) values (2137075722,'Dewayne','11 Jungle Road',44983726,to_date('27/04/1998','dd/mm/yyyy'),'masc','Jamaica','dewayne@gmail.com','57849','Planner',to_date('17/03/2020', 'dd/mm/yyyy'));
insert into usuarios (IDUSUARIO, NOMBRE, DIRECCION, TELEFONO, FECHANACIMIENTO, GENERO, PAIS, EMAIL, CLAVEACCESO, PROFESION, FECHAINCLUSION) values (1806567710,'Nita','301 Massachusetts Ave',68321446,to_date('24/12/1998','dd/mm/yyyy'),'fem','Jamaica','nita@gmail.com','79476','Engineer',to_date('18/03/2020', 'dd/mm/yyyy'));
insert into usuarios (IDUSUARIO, NOMBRE, DIRECCION, TELEFONO, FECHANACIMIENTO, GENERO, PAIS, EMAIL, CLAVEACCESO, PROFESION, FECHAINCLUSION) values (5333636734,'Sharlene','780 Lynnway',34317025,to_date('16/07/2000','dd/mm/yyyy'),'fem','Jamaica','sharlene@gmail.com','74251','Specialist',to_date('24/03/2020', 'dd/mm/yyyy'));

insert into directores (IDDIRECTOR, NOMBRE, EDAD, GENERO, PAIS, ESTILO) values (6027354051,'Beatriz',30, 'fem', 'Mexico', 'Suspenso');
insert into directores (IDDIRECTOR, NOMBRE, EDAD, GENERO, PAIS, ESTILO) values (3263370241,'Ernesto',52, 'masc', 'Costa Rica', 'Rock and Roll');
insert into directores (IDDIRECTOR, NOMBRE, EDAD, GENERO, PAIS, ESTILO) values (4378186360,'Roberta',30, 'fem', 'Mexico', 'Accion');
insert into directores (IDDIRECTOR, NOMBRE, EDAD, GENERO, PAIS, ESTILO) values (2709132563,'Juan',27, 'masc', 'Colombia', 'Pop');
insert into directores (IDDIRECTOR, NOMBRE, EDAD, GENERO, PAIS, ESTILO) values (1042251117,'Lina',47, 'fem', 'Argentina', 'Country');
insert into directores (IDDIRECTOR, NOMBRE, EDAD, GENERO, PAIS, ESTILO) values (6721189489,'Hai',45, 'fem', 'Philipinas', 'Terror');
insert into directores (IDDIRECTOR, NOMBRE, EDAD, GENERO, PAIS, ESTILO) values (8825039029,'Carmine',59, 'fem', 'Estados Unidos', 'Comedias');
insert into directores (IDDIRECTOR, NOMBRE, EDAD, GENERO, PAIS, ESTILO) values (2632378586,'Irving',64, 'masc', 'Inglaterra', 'Dramas');
insert into directores (IDDIRECTOR, NOMBRE, EDAD, GENERO, PAIS, ESTILO) values (9416635989,'Armand',52, 'masc', 'Inglaterra', 'RnB');
insert into directores (IDDIRECTOR, NOMBRE, EDAD, GENERO, PAIS, ESTILO) values (8148410254,'Jamie',24, 'fem', 'Estados Unidos', 'Hip Hop');

insert into productores (IDPRODUCTOR, NOMBRE, GENERO, PAIS, EDAD, ESTILO) values (7896541234,'Jeancarlo','masc', 'Costa Rica', '35', 'Accion');								
insert into productores (IDPRODUCTOR, NOMBRE, GENERO, PAIS, EDAD, ESTILO) values (9874563212,'Javier','masc', 'Mexico', '45', 'Comedias');								
insert into productores (IDPRODUCTOR, NOMBRE, GENERO, PAIS, EDAD, ESTILO) values (3214569873,'Josue','masc', 'Mexico', '31', 'Ciencia Ficcion');								
insert into productores (IDPRODUCTOR, NOMBRE, GENERO, PAIS, EDAD, ESTILO) values (1236547829,'Patricia','fem', 'Colombia', '56', 'Dramas');								
insert into productores (IDPRODUCTOR, NOMBRE, GENERO, PAIS, EDAD, ESTILO) values (1234567849,'Miriam','fem', 'Argentina', '33', 'Suspenso');								
insert into productores (IDPRODUCTOR, NOMBRE, GENERO, PAIS, EDAD, ESTILO) values (9876543241,'Gabriela','fem', 'Philipinas', '26', 'Comedias');								
insert into productores (IDPRODUCTOR, NOMBRE, GENERO, PAIS, EDAD, ESTILO) values (9638527451,'Alejandro','masc', 'Estados Unidos', '46', 'Suspenso');								
insert into productores (IDPRODUCTOR, NOMBRE, GENERO, PAIS, EDAD, ESTILO) values (7418529663,'Carlos','masc', 'Inglaterra', '27', 'Accion');								
insert into productores (IDPRODUCTOR, NOMBRE, GENERO, PAIS, EDAD, ESTILO) values (1472583619,'Sofia','fem', 'Inglaterra', '36', 'Ciencia Ficcion');								
insert into productores (IDPRODUCTOR, NOMBRE, GENERO, PAIS, EDAD, ESTILO) values (3692581437,'Axel','masc', 'Estados Unidos', '50', 'Suspenso');			

insert into series (IDSERIE, TITULO, ANNO, PAIS, ESTUDIO, GENERO, CLASIFICACION, CATEGORIA, DURACION, TEMPORADAS, IDDIRECTOR) values (3692581478,'El mentalista',1998, 'Costa Rica', 'Columbia Pictures', 'Accion', 'PG', 'Final de temporada', '150 min', '3', 3263370241);														
insert into series (IDSERIE, TITULO, ANNO, PAIS, ESTUDIO, GENERO, CLASIFICACION, CATEGORIA, DURACION, TEMPORADAS, IDDIRECTOR) values (1472583694,'Juego de tronos',2012, 'Mexico', '20th Century-Fox', 'Comedias', 'Y7', 'Serie grande', '217 min', '7', 1042251117);														
insert into series (IDSERIE, TITULO, ANNO, PAIS, ESTUDIO, GENERO, CLASIFICACION, CATEGORIA, DURACION, TEMPORADAS, IDDIRECTOR) values (3214569872,'Vikingos',2000, 'Mexico', 'Warner Bros', 'Ciencia Ficcion', 'FV', 'Serie grande', '240 min', '5', 6721189489);														
insert into series (IDSERIE, TITULO, ANNO, PAIS, ESTUDIO, GENERO, CLASIFICACION, CATEGORIA, DURACION, TEMPORADAS, IDDIRECTOR) values (9638527411,'La casa de papel',1980, 'Colombia', 'Paramount Pictures', 'Dramas', 'FV', 'Mini serie', '310 min', '4', 8148410254);														
insert into series (IDSERIE, TITULO, ANNO, PAIS, ESTUDIO, GENERO, CLASIFICACION, CATEGORIA, DURACION, TEMPORADAS, IDDIRECTOR) values (9325383026,'Stranger Things',2015, 'Argentina', 'Universal Pictures', 'Suspenso', 'Y7', 'Serie grande', '310 min', '5', 2709132563);														

insert into musicos (IDMUSICO, NOMBRE, GENERO, PAIS, EDAD, ESTILO) values (2743478533,'Lil Supa','masc', 'Venezuela', '35', 'Fiesta');
insert into musicos (IDMUSICO, NOMBRE, GENERO, PAIS, EDAD, ESTILO) values (4775820074,'Akapellah','masc', 'Venezuela', '28', 'Fiesta');
insert into musicos (IDMUSICO, NOMBRE, GENERO, PAIS, EDAD, ESTILO) values (8587502272,'Rels B','masc', 'España', '26', 'Fiesta');
insert into musicos (IDMUSICO, NOMBRE, GENERO, PAIS, EDAD, ESTILO) values (6085908614,'Duki','masc', 'Argentina', '23', 'Fiesta');
insert into musicos (IDMUSICO, NOMBRE, GENERO, PAIS, EDAD, ESTILO) values (7065352120,'Bad Bunny','masc', 'Puerto Rico', '26', 'Para bailar');
insert into musicos (IDMUSICO, NOMBRE, GENERO, PAIS, EDAD, ESTILO) values (7189926544,'J Balvin','masc', 'Colombia', '34', 'Para bailar');
insert into musicos (IDMUSICO, NOMBRE, GENERO, PAIS, EDAD, ESTILO) values (2509855035,'Dua Lipa','fem', 'Inglaterra', '24', 'Club');
insert into musicos (IDMUSICO, NOMBRE, GENERO, PAIS, EDAD, ESTILO) values (7532573903,'The weeknd','masc', 'Estados Unidos', '30', 'Triste');
insert into musicos (IDMUSICO, NOMBRE, GENERO, PAIS, EDAD, ESTILO) values (9395914437,'Camilo','masc', 'Colombia', '26', 'Romantica');
insert into musicos (IDMUSICO, NOMBRE, GENERO, PAIS, EDAD, ESTILO) values (1675781761,'Residente','masc', 'Puerto Rico', '42', 'Social');
insert into musicos (IDMUSICO, NOMBRE, GENERO, PAIS, EDAD, ESTILO) values (4524019459,'Justin Bieber','masc', 'Canada', '26', 'Club');
insert into musicos (IDMUSICO, NOMBRE, GENERO, PAIS, EDAD, ESTILO) values (4429779449,'Post Malone','masc', 'Estados Unidos', '24', 'Fiesta');
insert into musicos (IDMUSICO, NOMBRE, GENERO, PAIS, EDAD, ESTILO) values (1111935442,'Harry Styles','masc', 'Estados Unidos', '26', 'Club');
insert into musicos (IDMUSICO, NOMBRE, GENERO, PAIS, EDAD, ESTILO) values (1104545938,'Freddie Mercury','masc', 'Inglaterra', '45', 'Social');
insert into musicos (IDMUSICO, NOMBRE, GENERO, PAIS, EDAD, ESTILO) values (4616028047,'Shakira','fem', 'Colombia', '43', 'Club');
insert into musicos (IDMUSICO, NOMBRE, GENERO, PAIS, EDAD, ESTILO) values (5673245542,'Beyonce','fem', 'Estados Unidos', '38', 'Club');
insert into musicos (IDMUSICO, NOMBRE, GENERO, PAIS, EDAD, ESTILO) values (8226522768,'Lil peep','masc', 'Estados Unidos', '21', 'Triste');
insert into musicos (IDMUSICO, NOMBRE, GENERO, PAIS, EDAD, ESTILO) values (7350885399,'Toledo','masc', 'Costa Rica', '39', 'Fiesta');
insert into musicos (IDMUSICO, NOMBRE, GENERO, PAIS, EDAD, ESTILO) values (2143884545,'Jose Jose','masc', 'Mexico', '71', 'Romantica');
insert into musicos (IDMUSICO, NOMBRE, GENERO, PAIS, EDAD, ESTILO) values (3068179376,'El Piezas','masc', 'España', '34', 'Triste');

insert into canciones (IDCANCION, TIPO, NOMBRE, DURACION, LETRA, ENLACE, GENERO, IDPRODUCTOR, IDMUSICO) values (1211853736,'LUZ','Fiesta', '4:44', 'www.musica.com/LUZ/letra', 'www.musica.com/LUZ', 'Rap', 1236547829, 5673245542);				
insert into canciones (IDCANCION, TIPO, NOMBRE, DURACION, LETRA, ENLACE, GENERO, IDPRODUCTOR, IDMUSICO) values (2586883260,'Fiesta','Gracias', '3:04', 'www.musica.com/Gracias/letra', 'www.musica.com/Gracias', 'Rap', 9874563212, 2143884545);				
insert into canciones (IDCANCION, TIPO, NOMBRE, DURACION, LETRA, ENLACE, GENERO, IDPRODUCTOR, IDMUSICO) values (9348611233,'Fiesta','Orgullo', '3:29', 'www.musica.com/Orgullo/letra', 'www.musica.com/Orgullo', 'Trap', 3214569873, 5673245542);				
insert into canciones (IDCANCION, TIPO, NOMBRE, DURACION, LETRA, ENLACE, GENERO, IDPRODUCTOR, IDMUSICO) values (4295360183,'Fiesta','Goteo', '2:44', 'www.musica.com/Goteo/letra', 'www.musica.com/Goteo', 'Trap', 3692581437, 5673245542);				
insert into canciones (IDCANCION, TIPO, NOMBRE, DURACION, LETRA, ENLACE, GENERO, IDPRODUCTOR, IDMUSICO) values (5254531063,'Para bailar','Safaera', '4:55', 'www.musica.com/Safaera/letra', 'www.musica.com/Safaera', 'Reggaeton', 1234567849, 4429779449);				
insert into canciones (IDCANCION, TIPO, NOMBRE, DURACION, LETRA, ENLACE, GENERO, IDPRODUCTOR, IDMUSICO) values (5632987457,'Para bailar','Ritmo', '3:41', 'www.musica.com/Ritmo/letra', 'www.musica.com/Ritmo', 'Reggaeton', 3692581437, 2743478533);				
insert into canciones (IDCANCION, TIPO, NOMBRE, DURACION, LETRA, ENLACE, GENERO, IDPRODUCTOR, IDMUSICO) values (8759878333,'Club','Physical', '3:13', 'www.musica.com/Physical/letra', 'www.musica.com/Physical', 'Pop', 3214569873, 2143884545);				
insert into canciones (IDCANCION, TIPO, NOMBRE, DURACION, LETRA, ENLACE, GENERO, IDPRODUCTOR, IDMUSICO) values (8061114247,'Triste','Starboy', '3:50', 'www.musica.com/Starboy/letra', 'www.musica.com/Starboy', 'R'||'&'||'B', 1236547829, 8226522768);				
insert into canciones (IDCANCION, TIPO, NOMBRE, DURACION, LETRA, ENLACE, GENERO, IDPRODUCTOR, IDMUSICO) values (8374768485,'Romantica','Tutu', '2:58', 'www.musica.com/Tutu/letra', 'www.musica.com/Tutu', 'Pop latino', 1236547829, 2143884545);				
insert into canciones (IDCANCION, TIPO, NOMBRE, DURACION, LETRA, ENLACE, GENERO, IDPRODUCTOR, IDMUSICO) values (4617789552,'Social','Rene', '8:02', 'www.musica.com/Rene/letra', 'www.musica.com/Rene', 'Experimental', 3214569873, 5673245542);				
insert into canciones (IDCANCION, TIPO, NOMBRE, DURACION, LETRA, ENLACE, GENERO, IDPRODUCTOR, IDMUSICO) values (4439563617,'Club','Yummy', '3:28', 'www.musica.com/Yummy/letra', 'www.musica.com/Yummy', 'Pop', 1234567849, 3068179376);				
insert into canciones (IDCANCION, TIPO, NOMBRE, DURACION, LETRA, ENLACE, GENERO, IDPRODUCTOR, IDMUSICO) values (6398391868,'Fiesta','Circles', '3:35', 'www.musica.com/Circles/letra', 'www.musica.com/Circles', 'Rap', 1234567849, 5673245542);				
insert into canciones (IDCANCION, TIPO, NOMBRE, DURACION, LETRA, ENLACE, GENERO, IDPRODUCTOR, IDMUSICO) values (5198004729,'Club','Falling', '4:00', 'www.musica.com/Falling/letra', 'www.musica.com/Falling', 'Pop', 3692581437, 3068179376);				
insert into canciones (IDCANCION, TIPO, NOMBRE, DURACION, LETRA, ENLACE, GENERO, IDPRODUCTOR, IDMUSICO) values (7489980973,'Social','Barcelona', '4:26', 'www.musica.com/Barcelona/letra', 'www.musica.com/Barcelona', 'Experimental', 9874563212, 3068179376);				
insert into canciones (IDCANCION, TIPO, NOMBRE, DURACION, LETRA, ENLACE, GENERO, IDPRODUCTOR, IDMUSICO) values (4293323719,'Club','Clandestino', '3:51', 'www.musica.com/Clandestino/letra', 'www.musica.com/Clandestino', 'Pop', 1234567849, 5673245542);				
insert into canciones (IDCANCION, TIPO, NOMBRE, DURACION, LETRA, ENLACE, GENERO, IDPRODUCTOR, IDMUSICO) values (5527920289,'Club','Halo', '4:21', 'www.musica.com/Halo/letra', 'www.musica.com/Halo', 'Pop', 1236547829, 5673245542);				
insert into canciones (IDCANCION, TIPO, NOMBRE, DURACION, LETRA, ENLACE, GENERO, IDPRODUCTOR, IDMUSICO) values (8733297155,'Triste','Spotlight', '2:57', 'www.musica.com/Spotlight/letra', 'www.musica.com/Spotlight', 'Rap', 1236547829, 4524019459);				
insert into canciones (IDCANCION, TIPO, NOMBRE, DURACION, LETRA, ENLACE, GENERO, IDPRODUCTOR, IDMUSICO) values (4514897810,'Fiesta','Caribe', '2:56', 'www.musica.com/Caribe/letra', 'www.musica.com/Caribe', 'Reggaeton', 3214569873, 5673245542);				
insert into canciones (IDCANCION, TIPO, NOMBRE, DURACION, LETRA, ENLACE, GENERO, IDPRODUCTOR, IDMUSICO) values (6342918088,'Romantica','Preso', '4:12', 'www.musica.com/Preso/letra', 'www.musica.com/Preso', 'Balada', 1234567849, 1104545938);				
insert into canciones (IDCANCION, TIPO, NOMBRE, DURACION, LETRA, ENLACE, GENERO, IDPRODUCTOR, IDMUSICO) values (9238360765,'Triste','Retales', '4:07', 'www.musica.com/Retales/letra', 'www.musica.com/Retales', 'Rap', 3692581437, 4524019459);

insert into PELICULAS (IDPELICULA, TITULO, ANNO, PAIS, ESTUDIO, GENERO, CLASIFICACION, CATEGORIA, DURACION, IDDIRECTOR) values (3692582683,'Rapidos y furiosos',2001, 'Costa Rica', 'Columbia Pictures', 'Accion', 'PG', '150 min', 'Con saga', 6027354051);
insert into PELICULAS (IDPELICULA, TITULO, ANNO, PAIS, ESTUDIO, GENERO, CLASIFICACION, CATEGORIA, DURACION, IDDIRECTOR) values (1472582467,'Harry Potter',2002, 'Mexico', '20th Century-Fox', 'Comedias', 'Y7', '217 min', 'Sin saga', 3263370241);
insert into PELICULAS (IDPELICULA, TITULO, ANNO, PAIS, ESTUDIO, GENERO, CLASIFICACION, CATEGORIA, DURACION, IDDIRECTOR) values (3214561055,'Uncle Drew',2000, 'Mexico', 'Warner Bros', 'Ciencia Ficcion', 'FV', '240 min', 'Sin saga', 4378186360);
insert into PELICULAS (IDPELICULA, TITULO, ANNO, PAIS, ESTUDIO, GENERO, CLASIFICACION, CATEGORIA, DURACION, IDDIRECTOR) values (9638522755,'Space jam', 40970, 'Colombia', 'Paramount Pictures', 'Dramas', 'R', '310 min', 'Con saga', 2709132563);
insert into PELICULAS (IDPELICULA, TITULO, ANNO, PAIS, ESTUDIO, GENERO, CLASIFICACION, CATEGORIA, DURACION, IDDIRECTOR) values (1472588166,'Avengers',2015, 'Argentina', 'Universal Pictures', 'Suspenso', 'MA', '310 min', 'Con saga', 2632378586);
insert into PELICULAS (IDPELICULA, TITULO, ANNO, PAIS, ESTUDIO, GENERO, CLASIFICACION, CATEGORIA, DURACION, IDDIRECTOR) values (7896541278,'Aladin',1998, 'Salvador', 'Warner Bros', 'Comedias', 'FV', '290min','Con saga', 4378186360);
insert into PELICULAS (IDPELICULA, TITULO, ANNO, PAIS, ESTUDIO, GENERO, CLASIFICACION, CATEGORIA, DURACION, IDDIRECTOR) values (9874560844,'Toy Story',1999, 'Estados Unidos', '20th Century-Fox', 'Ciencia Ficcion', 'FV', '240 min', 'Sin saga', 9416635989);
insert into PELICULAS (IDPELICULA, TITULO, ANNO, PAIS, ESTUDIO, GENERO, CLASIFICACION, CATEGORIA, DURACION, IDDIRECTOR) values (3214561264,'John Wick',2000, 'Paraguay', 'Columbia Pictures', 'Dramas', 'MA', '150 min', 'Sin saga', 6027354051);
insert into PELICULAS (IDPELICULA, TITULO, ANNO, PAIS, ESTUDIO, GENERO, CLASIFICACION, CATEGORIA, DURACION, IDDIRECTOR) values (1236541286,'Rey leon',2001, 'Espanha', 'Warner Bros', 'Comedias', 'Y7', '150 min', 'Con saga', 4378186360);
insert into PELICULAS (IDPELICULA, TITULO, ANNO, PAIS, ESTUDIO, GENERO, CLASIFICACION, CATEGORIA, DURACION, IDDIRECTOR) values (1234561044,'The losers',2010, 'Panama', 'Paramount Pictures', 'Ciencia Ficcion', 'MA', '217 min', 'Con saga', 8148410254);
insert into PELICULAS (IDPELICULA, TITULO, ANNO, PAIS, ESTUDIO, GENERO, CLASIFICACION, CATEGORIA, DURACION, IDDIRECTOR) values (9876541266,'Coco',1999, 'Nicaragua', 'Columbia Pictures', 'Dramas', 'MA', '240 min', 'Con saga', 6027354051);
insert into PELICULAS (IDPELICULA, TITULO, ANNO, PAIS, ESTUDIO, GENERO, CLASIFICACION, CATEGORIA, DURACION, IDDIRECTOR) values (9638521522,'Karate Kid',1988, 'Honduras', '20th Century-Fox', 'Dramas', 'FV', '310 min', 'Sin saga', 3263370241);
insert into PELICULAS (IDPELICULA, TITULO, ANNO, PAIS, ESTUDIO, GENERO, CLASIFICACION, CATEGORIA, DURACION, IDDIRECTOR) values (7418521855,'Iron Man',2010, 'Estados Unidos', 'Universal Pictures', 'Suspenso', 'Y7', '310 min', 'Sin saga', 4378186360);
insert into PELICULAS (IDPELICULA, TITULO, ANNO, PAIS, ESTUDIO, GENERO, CLASIFICACION, CATEGORIA, DURACION, IDDIRECTOR) values (1472586244,'Kink Kong',2006, 'Costa Rica', '20th Century-Fox', 'Accion', 'FV', '150 min', 'Con saga', 2709132563);
insert into PELICULAS (IDPELICULA, TITULO, ANNO, PAIS, ESTUDIO, GENERO, CLASIFICACION, CATEGORIA, DURACION, IDDIRECTOR) values (3692554438,'Jurassic Park',2007, 'Paraguay', 'Universal Pictures', 'Ciencia Ficcion', 'MA', '240 min', 'Con saga', 2632378586);
insert into PELICULAS (IDPELICULA, TITULO, ANNO, PAIS, ESTUDIO, GENERO, CLASIFICACION, CATEGORIA, DURACION, IDDIRECTOR) values (1796441333,'Capitan America',2003, 'Salvador', 'Columbia Pictures', 'Accion', 'PG', '150 min', 'Con saga', 4378186360);
insert into PELICULAS (IDPELICULA, TITULO, ANNO, PAIS, ESTUDIO, GENERO, CLASIFICACION, CATEGORIA, DURACION, IDDIRECTOR) values (7915467799,'Terminator',2004, 'Espanha', '20th Century-Fox', 'Comedias', 'Y7', '217 min', 'Sin saga', 9416635989);
insert into PELICULAS (IDPELICULA, TITULO, ANNO, PAIS, ESTUDIO, GENERO, CLASIFICACION, CATEGORIA, DURACION, IDDIRECTOR) values (821363467,'300',2005, 'Nicaragua', 'Warner Bros', 'Ciencia Ficcion', 'FV', '240 min', 'Sin saga', 6027354051);
insert into PELICULAS (IDPELICULA, TITULO, ANNO, PAIS, ESTUDIO, GENERO, CLASIFICACION, CATEGORIA, DURACION, IDDIRECTOR) values (7955261269,'Hulk',1987, 'Panama', 'Paramount Pictures', 'Dramas', 'R', '310 min', 'Con saga', 4378186360);
insert into PELICULAS (IDPELICULA, TITULO, ANNO, PAIS, ESTUDIO, GENERO, CLASIFICACION, CATEGORIA, DURACION, IDDIRECTOR) values (3697523600,'Doctor Strange',2006, 'Mexico', 'Universal Pictures', 'Suspenso', 'MA', '310 min', 'Con saga', 8148410254);


insert into ACTORES (IDACTOR, NOMBRE, EDAD, GENERO, PAIS, ESTILO) values (6952365741, 'Will Smith', 51, 'masc', 'Estados Unidos', 'Variado');									
insert into ACTORES (IDACTOR, NOMBRE, EDAD, GENERO, PAIS, ESTILO) values (6952365742, 'Scarlett Johansson', 35, 'fem', 'Estados Unidos', 'Accion');									
insert into ACTORES (IDACTOR, NOMBRE, EDAD, GENERO, PAIS, ESTILO) values (6952365743, 'Elizabeth Olsen', 31, 'fem', 'Estados Unidos', 'Drama');									
insert into ACTORES (IDACTOR, NOMBRE, EDAD, GENERO, PAIS, ESTILO) values (6952365744, 'Karen Gillan', 32, 'fem', 'Inglaterra', 'Drama');									
insert into ACTORES (IDACTOR, NOMBRE, EDAD, GENERO, PAIS, ESTILO) values (6952365745, 'Brie Larson', 30, 'fem', 'Estados Unidos', 'Comedia');									
insert into ACTORES (IDACTOR, NOMBRE, EDAD, GENERO, PAIS, ESTILO) values (6952365746, 'Gwyneth Paltrow', 47, 'fem', 'Canada', 'Accion');									
insert into ACTORES (IDACTOR, NOMBRE, EDAD, GENERO, PAIS, ESTILO) values (6952365747, 'Chris Hemsworth', 36, 'masc', 'Canada', 'Comedia');									
insert into ACTORES (IDACTOR, NOMBRE, EDAD, GENERO, PAIS, ESTILO) values (6952365748, 'Robert Downey Jr.', 55, 'masc', 'Inglaterra', 'Accion');									
insert into ACTORES (IDACTOR, NOMBRE, EDAD, GENERO, PAIS, ESTILO) values (6952365749, 'Chris Evans', 38, 'masc', 'Inglaterra', 'Comedia');									
insert into ACTORES (IDACTOR, NOMBRE, EDAD, GENERO, PAIS, ESTILO) values (6952365750, 'Tom Holland', 23, 'masc', 'Canada', 'Comedia');									